LOCATION,IF_INCLUDE,IF_NAME_ERROR,STATE,COMFIRMED_COMFIRMED,ADDED,DEATH,DEATH_ADDED,CONCA,GEOID,Pop,HospitalBeds
category New York,1,#N/A,New York,26374,4647,271,87,category New York New York,#N/A,#N/A,#N/A
New York,0,#N/A,New York,15597,2478,192,67,New York New York,360000,8175133,24245
Westchester,0,#N/A,New York,3891,997,,,Westchester New York,36119,949113,3235
Nassau,0,#N/A,New York,2869,427,,,Nassau New York,36059,1339532,4181
Suffolk,0,#N/A,New York,1880,422,,4,Suffolk New York,36103,1493350,3583
Rockland,0,#N/A,New York,671,79,,,Rockland New York,36087,311687,791
Orange,0,#N/A,New York,498,109,,,Orange New York,36071,372813,902
Albany,0,#N/A,New York,146,19,,,Albany New York,36001,304204,1381
Dutchess,0,#N/A,New York,124,24,,,Dutchess New York,36027,297488,676
Erie,0,#N/A,New York,114,13,,,Erie New York,36029,919040,2788
Monroe,0,#N/A,New York,106,25,,1,Monroe New York,36055,744344,2009
Putnam,0,#N/A,New York,82,37,,,Putnam New York,36079,99710,164
Onondaga,0,#N/A,New York,60,7,,1,Onondaga New York,36067,467026,1672
Saratoga,0,#N/A,New York,53,,,,Saratoga New York,36091,219607,259
Schenectady,0,#N/A,New York,44,,,,Schenectady New York,36093,154727,538
Ulster,0,#N/A,New York,35,,,,Ulster New York,36111,182493,325
Rensselaer,0,#N/A,New York,33,,,,Rensselaer New York,36083,159429,423
Sullivan,0,#N/A,New York,23,,,,Sullivan New York,36105,77547,169
Columbia,0,#N/A,New York,18,1,,,Columbia New York,36021,63096,192
Tompkins,0,#N/A,New York,16,1,,,Tompkins New York,36109,101564,212
Oneida,0,#N/A,New York,10,,,,Oneida New York,36065,234878,725
Niagara,0,#N/A,New York,10,,,,Niagara New York,36063,216469,623
Broome,0,#N/A,New York,9,2,,,Broome New York,36007,200600,742
Steuben,0,#N/A,New York,8,3,,,Steuben New York,36101,98990,115
Ontario,0,#N/A,New York,6,,,,Ontario New York,36069,107931,399
Clinton,0,#N/A,New York,6,,,,Clinton New York,36019,82128,300
Wayne,0,#N/A,New York,6,,,,Wayne New York,36117,93772,120
Wyoming,0,#N/A,New York,4,,,,Wyoming New York,36121,42155,62
Greene,0,#N/A,New York,4,,,,Greene New York,36039,49221,0
Herkimer,0,#N/A,New York,4,,,,Herkimer New York,36043,64519,25
Madison,0,#N/A,New York,4,,,,Madison New York,36053,73442,126
Livingston,0,#N/A,New York,3,,,,Livingston New York,36051,65393,67
Chemung,0,#N/A,New York,3,1,,,Chemung New York,36015,88830,391
Delaware,0,#N/A,New York,3,,,,Delaware New York,36025,47980,67
Washington,0,#N/A,New York,3,,,,Washington New York,36115,63216,0
Essex,0,#N/A,New York,3,,,,Essex New York,36031,39370,40
Chenango,0,#N/A,New York,3,,,,Chenango New York,36017,50477,58
Montgomery,0,#N/A,New York,3,,,,Montgomery New York,36057,50219,130
Chautauqua,0,#N/A,New York,2,2,,,Chautauqua New York,36013,134905,399
Warren,0,#N/A,New York,2,,,,Warren New York,36113,65707,410
Jefferson,0,#N/A,New York,2,,,,Jefferson New York,36045,116229,344
Cortland,0,#N/A,New York,2,,,,Cortland New York,36023,49336,162
Hamilton,0,#N/A,New York,2,,,,Hamilton New York,36041,4836,0
Oswego,0,#N/A,New York,2,,,,Oswego New York,36075,122109,158
Allegany,0,#N/A,New York,2,,,,Allegany New York,36003,48946,76
Cayuga,0,#N/A,New York,2,,,,Cayuga New York,36011,80026,99
Genesee,0,#N/A,New York,1,,,,Genesee New York,36037,60079,131
Fulton,0,#N/A,New York,1,,,,Fulton New York,36035,55531,74
Tioga,0,#N/A,New York,1,,,,Tioga New York,36107,51125,0
Otsego,0,#N/A,New York,1,,,,Otsego New York,36077,62259,240
Schoharie,0,#N/A,New York,1,,,,Schoharie New York,36095,32749,40
St. Lawrence,0,#N/A,New York,1,,,,St. Lawrence New York,36089,111944,319
Unassigned,2,#N/A,New York,0,,,14,Unassigned New York,#N/A,#N/A,#N/A
category New Jersey,1,#N/A,New Jersey,3675,831,,17,category New Jersey New Jersey,#N/A,#N/A,#N/A
Bergen,0,#N/A,New Jersey,701,92,,,Bergen New Jersey,34003,905116,3019
Unassigned,2,#N/A,New Jersey,645,226,,17,Unassigned New Jersey,#N/A,#N/A,#N/A
Essex,0,#N/A,New Jersey,342,69,,,Essex New Jersey,34013,783969,4007
Monmouth,0,#N/A,New Jersey,288,50,,,Monmouth New Jersey,34025,630380,2176
Middlesex,0,#N/A,New Jersey,277,67,,,Middlesex New Jersey,34023,809858,2657
Union,0,#N/A,New Jersey,246,57,,,Union New Jersey,34039,536499,1521
Hudson,0,#N/A,New Jersey,234,44,,,Hudson New Jersey,34017,634266,1878
Passaic,0,#N/A,New Jersey,216,75,,,Passaic New Jersey,34031,501226,1187
Morris,0,#N/A,New Jersey,204,27,,,Morris New Jersey,34027,492276,2005
Ocean,0,#N/A,New Jersey,180,36,,,Ocean New Jersey,34029,576567,1522
Somerset,0,#N/A,New Jersey,102,35,,,Somerset New Jersey,34035,323444,759
Mercer,0,#N/A,New Jersey,58,8,,,Mercer New Jersey,34021,366513,1690
Camden,0,#N/A,New Jersey,51,18,,,Camden New Jersey,34007,513657,2518
Burlington,0,#N/A,New Jersey,42,6,,,Burlington New Jersey,34005,448734,1112
Hunterdon,0,#N/A,New Jersey,25,7,,,Hunterdon New Jersey,34019,128349,184
Gloucester,0,#N/A,New Jersey,19,6,,,Gloucester New Jersey,34015,288288,609
Sussex,0,#N/A,New Jersey,18,3,,,Sussex New Jersey,34037,149265,146
Warren,0,#N/A,New Jersey,15,3,,,Warren New Jersey,34041,108692,309
Atlantic,0,#N/A,New Jersey,6,,,,Atlantic New Jersey,34001,274549,1414
Cape May,0,#N/A,New Jersey,3,1,,,Cape May New Jersey,34009,97265,242
Cumberland,0,#N/A,New Jersey,2,1,,,Cumberland New Jersey,34011,156898,511
Salem,0,#N/A,New Jersey,1,,,,Salem New Jersey,34033,66083,222
category California,1,#N/A,California,2539,311,,8,category California California,#N/A,#N/A,#N/A
Los Angeles,0,#N/A,California,662,122,,3,Los Angeles California,06037,9818605,28383
Santa Clara,0,#N/A,California,375,54,,3,Santa Clara California,06085,1781642,3831
San Diego,0,#N/A,California,226,,,,San Diego California,06073,3095313,7623
San Mateo,0,#N/A,California,161,19,,,San Mateo California,06081,718451,1781
San Francisco,0,#N/A,California,152,21,,1,San Francisco California,06075,805235,4733
Orange,0,#N/A,California,152,27,,,Orange California,06059,3010232,7902
Alameda,0,#N/A,California,135,13,,1,Alameda California,06001,1510271,3833
Sacramento,0,#N/A,California,88,,,,Sacramento California,06067,1418788,3500
Contra Costa,0,#N/A,California,86,15,,,Contra Costa California,06013,1049025,1804
Riverside,0,#N/A,California,57,11,,,Riverside California,06065,2189641,3945
San Joaquin,0,#N/A,California,51,,,,San Joaquin California,06077,685306,1256
Marin,0,#N/A,California,47,,,,Marin California,06041,252409,458
San Luis Obispo,0,#N/A,California,42,9,,,San Luis Obispo California,06079,269637,1747
Ventura,0,#N/A,California,35,,,,Ventura California,06111,823318,1660
San Bernardino,0,#N/A,California,31,14,,,San Bernardino California,06071,2035210,5906
Sonoma,0,#N/A,California,29,,,,Sonoma California,06097,483878,1956
Santa Cruz,0,#N/A,California,22,,,,Santa Cruz California,06087,262382,375
Solano,0,#N/A,California,21,,,,Solano California,06095,413344,749
Monterey,0,#N/A,California,20,,,,Monterey California,06053,415057,793
Placer,0,#N/A,California,20,,,,Placer California,06061,348432,748
Santa Barbara,0,#N/A,California,18,,,,Santa Barbara California,06083,423895,1054
Tulare,0,#N/A,California,17,1,,,Tulare California,06107,442179,2086
Fresno,0,#N/A,California,13,,,,Fresno California,06019,930450,3551
Kern,0,#N/A,California,13,,,,Kern California,06029,839631,1833
Stanislaus,0,#N/A,California,11,1,,,Stanislaus California,06099,514453,1584
Yolo,0,#N/A,California,8,,,,Yolo California,06113,200849,156
San Benito,0,#N/A,California,6,,,,San Benito California,06069,55269,181
Madera,0,#N/A,California,6,,,,Madera California,06039,150865,462
Imperial,0,#N/A,California,6,,,,Imperial California,06025,174528,268
Humboldt,0,#N/A,California,4,2,,,Humboldt California,06023,134623,299
Nevada,0,#N/A,California,3,,,,Nevada California,06057,98764,176
Yuba,0,#N/A,California,3,,,,Yuba California,06115,72155,173
Mendocino,0,#N/A,California,2,1,,,Mendocino California,06045,87841,141
Calaveras,0,#N/A,California,2,,,,Calaveras California,06009,45578,48
Amador,0,#N/A,California,2,,,,Amador California,06005,38091,52
El Dorado,0,#N/A,California,2,,,,El Dorado California,06017,181058,240
Mono,0,#N/A,California,2,1,,,Mono California,06051,14202,17
Siskiyou,0,#N/A,California,2,,,,Siskiyou California,06093,44900,61
Shasta,0,#N/A,California,2,,,,Shasta California,06089,177223,748
Butte,0,#N/A,California,2,,,,Butte California,06007,220000,592
Napa,0,#N/A,California,2,,,,Napa California,06055,136484,1780
Merced,0,#N/A,California,1,,,,Merced California,06047,255793,246
category Washington,1,#N/A,Washington,2469,248,,13,category Washington Washington,#N/A,#N/A,#N/A
King,0,#N/A,Washington,1277,107,,7,King Washington,53033,1931249,5433
Snohomish,0,#N/A,Washington,614,95,,5,Snohomish Washington,53061,713335,786
Pierce,0,#N/A,Washington,138,,,,Pierce Washington,53053,795225,2408
Whatcom,0,#N/A,Washington,64,,,,Whatcom Washington,53073,201140,253
Unassigned,2,#N/A,Washington,51,,,,Unassigned Washington,#N/A,#N/A,#N/A
Skagit,0,#N/A,Washington,48,3,,,Skagit Washington,53057,116901,205
Yakima,0,#N/A,Washington,44,,,,Yakima Washington,53077,243231,528
Island,0,#N/A,Washington,38,,,,Island Washington,53029,78506,76
Spokane,0,#N/A,Washington,33,4,,,Spokane Washington,53063,471221,1847
Grant,0,#N/A,Washington,27,4,,,Grant Washington,53025,89120,186
Kitsap,0,#N/A,Washington,20,2,,,Kitsap Washington,53035,251133,381
Kittitas,0,#N/A,Washington,18,13,,,Kittitas Washington,53037,40915,25
Clark,0,#N/A,Washington,16,3,,,Clark Washington,53011,425363,580
Thurston,0,#N/A,Washington,14,3,,,Thurston Washington,53067,252264,474
Benton,0,#N/A,Washington,12,3,,,Benton Washington,53005,175177,447
Chelan,0,#N/A,Washington,10,4,,1,Chelan Washington,53007,72453,251
Jefferson,0,#N/A,Washington,9,,,,Jefferson Washington,53031,29872,25
Franklin,0,#N/A,Washington,7,2,,,Franklin Washington,53021,78163,106
Klickitat,0,#N/A,Washington,6,2,,,Klickitat Washington,53039,20318,42
Clallam,0,#N/A,Washington,4,,,,Clallam Washington,53009,71404,163
Cowlitz,0,#N/A,Washington,3,,,,Cowlitz Washington,53015,102410,202
Lewis,0,#N/A,Washington,2,,,,Lewis Washington,53041,75455,125
Mason,0,#N/A,Washington,2,1,,,Mason Washington,53045,60699,25
Douglas,0,#N/A,Washington,2,1,,,Douglas Washington,53017,38431,0
Whitman,0,#N/A,Washington,2,,,,Whitman Washington,53075,44776,50
Walla Walla,0,#N/A,Washington,2,1,,,Walla Walla Washington,53071,58781,316
Stevens,0,#N/A,Washington,1,,,,Stevens Washington,53065,43531,90
San Juan,0,#N/A,Washington,1,,,,San Juan Washington,53055,15769,25
Columbia,0,#N/A,Washington,1,,,,Columbia Washington,53013,4078,25
Grays Harbor,0,#N/A,Washington,1,,,,Grays Harbor Washington,53027,72797,130
Adams,0,#N/A,Washington,1,,,,Adams Washington,53001,18728,57
Lincoln,0,#N/A,Washington,1,,,,Lincoln Washington,53043,10570,85
category Michigan,1,#N/A,Michigan,1795,463,,6,category Michigan Michigan,#N/A,#N/A,#N/A
Wayne,0,#N/A,Michigan,876,238,,5,Wayne Michigan,26163,1820584,6009
Oakland,0,#N/A,Michigan,428,99,,,Oakland Michigan,26125,1202362,4435
Macomb,0,#N/A,Michigan,225,50,,1,Macomb Michigan,26099,840978,1119
Washtenaw,0,#N/A,Michigan,50,8,,,Washtenaw Michigan,26161,344791,1719
Genesee,0,#N/A,Michigan,34,11,,,Genesee Michigan,26049,425790,1169
Kent,0,#N/A,Michigan,31,3,,,Kent Michigan,26081,602622,1840
Ingham,0,#N/A,Michigan,15,3,,,Ingham Michigan,26065,280895,1093
Ottawa,0,#N/A,Michigan,15,4,,,Ottawa Michigan,26139,263801,311
Livingston,0,#N/A,Michigan,13,4,,,Livingston Michigan,26093,180967,177
Monroe,0,#N/A,Michigan,12,5,,,Monroe Michigan,26115,152021,217
Berrien,0,#N/A,Michigan,8,3,,,Berrien Michigan,26021,156813,512
St. Clair,0,#N/A,Michigan,8,1,,,St. Clair Michigan,26147,163040,398
Saginaw,0,#N/A,Michigan,8,6,,,Saginaw Michigan,26145,200169,968
Jackson,0,#N/A,Michigan,6,5,,,Jackson Michigan,26075,160248,389
Out of State,2,#N/A,Michigan,6,2,,,Out of State Michigan,#N/A,#N/A,#N/A
Clinton,0,#N/A,Michigan,5,3,,,Clinton Michigan,26037,75382,25
Otsego,0,#N/A,Michigan,5,2,,,Otsego Michigan,26137,24164,46
Midland,0,#N/A,Michigan,5,,,,Midland Michigan,26111,83629,308
Calhoun,0,#N/A,Michigan,4,1,,,Calhoun Michigan,26025,136146,291
Grand Traverse,0,#N/A,Michigan,3,2,,,Grand Traverse Michigan,26055,86986,377
Eaton,0,#N/A,Michigan,3,1,,,Eaton Michigan,26045,107759,45
Kalamazoo,0,#N/A,Michigan,3,,,,Kalamazoo Michigan,26077,250331,821
Muskegon,0,#N/A,Michigan,3,2,,,Muskegon Michigan,26121,172188,413
Charlevoix,0,#N/A,Michigan,3,1,,,Charlevoix Michigan,26029,25949,25
Emmet,0,#N/A,Michigan,2,1,,,Emmet Michigan,26047,32694,178
Gladwin,0,#N/A,Michigan,2,1,,,Gladwin Michigan,26051,25692,25
Bay,0,#N/A,Michigan,2,,,,Bay Michigan,26017,107771,389
Newaygo,0,#N/A,Michigan,2,1,,,Newaygo Michigan,26123,48460,25
Isabella,0,#N/A,Michigan,2,2,,,Isabella Michigan,26073,70311,118
Not Reported,2,#N/A,Michigan,2,2,,,Not Reported Michigan,#N/A,#N/A,#N/A
Clare,0,#N/A,Michigan,1,,,,Clare Michigan,26035,30926,49
Marquette,0,#N/A,Michigan,1,1,,,Marquette Michigan,26103,67077,289
Roscommon,0,#N/A,Michigan,1,,,,Roscommon Michigan,26143,24449,0
Chippewa,0,#N/A,Michigan,1,,,,Chippewa Michigan,26033,38520,82
Montcalm,0,#N/A,Michigan,1,,,,Montcalm Michigan,26117,63342,148
Barry,0,#N/A,Michigan,1,,,,Barry Michigan,26015,59173,49
Allegan,0,#N/A,Michigan,1,,,,Allegan Michigan,26005,111408,68
Hillsdale,0,#N/A,Michigan,1,,,,Hillsdale Michigan,26059,46688,65
Kalkaska,0,#N/A,Michigan,1,,,,Kalkaska Michigan,26079,17153,8
Lapeer,0,#N/A,Michigan,1,,,,Lapeer Michigan,26087,88319,183
Tuscola,0,#N/A,Michigan,1,,,,Tuscola Michigan,26157,55729,50
Leelanau,0,#N/A,Michigan,1,,,,Leelanau Michigan,26089,21708,0
Manistee,0,#N/A,Michigan,1,1,,,Manistee Michigan,26101,24733,45
Wexford,0,#N/A,Michigan,1,,,,Wexford Michigan,26165,32735,49
category Illinois,1,#N/A,Illinois,1537,253,,4,category Illinois Illinois,#N/A,#N/A,#N/A
Cook,0,#N/A,Illinois,1194,209,,,Cook Illinois,17031,5194675,17992
Lake,0,#N/A,Illinois,111,15,,,Lake Illinois,17097,703462,968
DuPage,0,#N/A,Illinois,103,8,,,DuPage Illinois,17043,916924,1880
Will,0,#N/A,Illinois,28,4,,,Will Illinois,17197,677560,917
Kane,0,#N/A,Illinois,24,6,,,Kane Illinois,17089,515269,1101
McHenry,0,#N/A,Illinois,14,2,,,McHenry Illinois,17111,308760,343
St. Clair,0,#N/A,Illinois,7,3,,,St. Clair Illinois,17163,270056,818
McLean,0,#N/A,Illinois,7,,,,McLean Illinois,17113,169572,200
Sangamon,0,#N/A,Illinois,5,1,,,Sangamon Illinois,17167,197465,1045
Winnebago,0,#N/A,Illinois,5,,,,Winnebago Illinois,17201,295266,907
Champaign,0,#N/A,Illinois,4,1,,,Champaign Illinois,17019,201081,549
Kendall,0,#N/A,Illinois,4,,,,Kendall Illinois,17093,114736,0
Kankakee,0,#N/A,Illinois,4,1,,,Kankakee Illinois,17091,113449,468
Peoria,0,#N/A,Illinois,3,,,,Peoria Illinois,17143,186494,1122
Clinton,0,#N/A,Illinois,3,,,,Clinton Illinois,17027,37762,0
LaSalle,0,#N/A,Illinois,3,1,,,LaSalle Illinois,17099,113924,244
Woodford,0,#N/A,Illinois,3,1,,,Woodford Illinois,17203,38664,18
Madison,0,#N/A,Illinois,2,,,,Madison Illinois,17119,269282,943
Grundy,0,#N/A,Illinois,1,1,,,Grundy Illinois,17063,50063,89
Washington,0,#N/A,Illinois,1,,,,Washington Illinois,17189,14716,0
Adams,0,#N/A,Illinois,1,,,,Adams Illinois,17001,67103,335
Whiteside,0,#N/A,Illinois,1,,,,Whiteside Illinois,17195,58498,135
Christian,0,#N/A,Illinois,1,,,,Christian Illinois,17021,34800,67
DeKalb,0,#N/A,Illinois,1,,,,DeKalb Illinois,17037,105160,191
Cumberland,0,#N/A,Illinois,1,,,,Cumberland Illinois,17035,11048,0
Jo Daviess,0,#N/A,Illinois,1,,,,Jo Daviess Illinois,17085,22678,25
Stephenson,0,#N/A,Illinois,1,,,,Stephenson Illinois,17177,47711,100
Livingston,0,#N/A,Illinois,1,,,,Livingston Illinois,17105,38950,42
Rock Island,0,#N/A,Illinois,1,,,,Rock Island Illinois,17161,147546,444
Monroe,0,#N/A,Illinois,1,,,,Monroe Illinois,17133,32957,0
Jackson,0,#N/A,Illinois,1,,,,Jackson Illinois,17077,60218,184
Unassigned,2,#N/A,Illinois,0,,,4,Unassigned Illinois,#N/A,#N/A,#N/A
category Florida,1,#N/A,Florida,1467,238,,4,category Florida Florida,#N/A,#N/A,#N/A
Miami-Dade,0,#N/A,Florida,367,89,,,Miami-Dade Florida,12086,2496435,9965
Broward,0,#N/A,Florida,312,49,,,Broward Florida,12011,1748066,6715
Palm Beach,0,#N/A,Florida,104,15,,,Palm Beach Florida,12099,1320134,4993
Hillsborough,0,#N/A,Florida,95,20,,,Hillsborough Florida,12057,1229226,4857
Orange,0,#N/A,Florida,52,4,,,Orange Florida,12095,1145956,4751
Duval,0,#N/A,Florida,50,,,1,Duval Florida,12031,864263,4071
Pinellas,0,#N/A,Florida,45,4,,,Pinellas Florida,12103,916542,4119
Collier,0,#N/A,Florida,41,,,,Collier Florida,12021,321520,1051
Alachua,0,#N/A,Florida,37,1,,,Alachua Florida,12001,247336,1765
Lee,0,#N/A,Florida,34,4,,,Lee Florida,12071,618754,2240
Sarasota,0,#N/A,Florida,26,5,,2,Sarasota Florida,12115,379448,1618
Osceola,0,#N/A,Florida,26,1,,,Osceola Florida,12097,268685,997
Seminole,0,#N/A,Florida,25,3,,,Seminole Florida,12117,422718,965
St. Johns,0,#N/A,Florida,24,6,,1,St. Johns Florida,12109,190039,335
Volusia,0,#N/A,Florida,19,3,,,Volusia Florida,12127,494593,2042
Manatee,0,#N/A,Florida,16,1,,,Manatee Florida,12081,322833,806
Pasco,0,#N/A,Florida,16,2,,,Pasco Florida,12101,464697,1440
Lake,0,#N/A,Florida,14,5,,,Lake Florida,12069,297052,897
Okaloosa,0,#N/A,Florida,14,,,,Okaloosa Florida,12091,180822,673
Polk,0,#N/A,Florida,13,,,,Polk Florida,12105,602095,1793
Escambia,0,#N/A,Florida,13,4,,,Escambia Florida,12033,297619,1276
Indian River,0,#N/A,Florida,12,2,,,Indian River Florida,12061,138028,612
Clay,0,#N/A,Florida,10,2,,,Clay Florida,12019,190865,416
Walton,0,#N/A,Florida,10,1,,,Walton Florida,12131,55043,108
Sumter,0,#N/A,Florida,10,2,,,Sumter Florida,12119,93420,339
Citrus,0,#N/A,Florida,9,,,,Citrus Florida,12017,141236,332
Brevard,0,#N/A,Florida,9,2,,,Brevard Florida,12009,543376,1768
Leon,0,#N/A,Florida,8,2,,,Leon Florida,12073,275487,1208
Hernando,0,#N/A,Florida,7,2,,,Hernando Florida,12053,172778,620
Santa Rosa,0,#N/A,Florida,6,2,,,Santa Rosa Florida,12113,151372,385
St. Lucie,0,#N/A,Florida,6,1,,,St. Lucie Florida,12111,277789,836
Highlands,0,#N/A,Florida,4,2,,,Highlands Florida,12055,98786,323
Flagler,0,#N/A,Florida,4,1,,,Flagler Florida,12035,95696,99
Baker,0,#N/A,Florida,4,1,,,Baker Florida,12003,27115,1163
Martin,0,#N/A,Florida,4,,,,Martin Florida,12085,146318,558
Marion,0,#N/A,Florida,4,,,,Marion Florida,12083,331298,919
Monroe,0,#N/A,Florida,3,1,,,Monroe Florida,12087,73090,148
Charlotte,0,#N/A,Florida,3,,,,Charlotte Florida,12015,159978,823
Columbia,0,#N/A,Florida,3,1,,,Columbia Florida,12023,67531,346
Putnam,0,#N/A,Florida,2,,,,Putnam Florida,12107,74364,99
Jackson,0,#N/A,Florida,1,,,,Jackson Florida,12063,49746,87
Bay,0,#N/A,Florida,1,,,,Bay Florida,12005,168852,752
Gadsden,0,#N/A,Florida,1,,,,Gadsden Florida,12039,46389,1253
Bradford,0,#N/A,Florida,1,,,,Bradford Florida,12007,28520,25
Desoto,0,#N/A,Florida,1,,,,Desoto Florida,12027,34862,49
Nassau,0,#N/A,Florida,1,,,,Nassau Florida,12089,73314,54
category Louisiana,1,#N/A,Louisiana,1388,219,,11,category Louisiana Louisiana,#N/A,#N/A,#N/A
Orleans,0,#N/A,Louisiana,675,108,,6,Orleans Louisiana,22071,343829,1647
Jefferson,0,#N/A,Louisiana,293,41,,1,Jefferson Louisiana,22051,432552,1628
East Baton Rouge,0,#N/A,Louisiana,58,15,,,East Baton Rouge Louisiana,22033,440171,2055
St. Tammany,0,#N/A,Louisiana,52,5,,1,St. Tammany Louisiana,22103,233740,946
Caddo,0,#N/A,Louisiana,40,6,,,Caddo Louisiana,22017,254969,2026
Ascension,0,#N/A,Louisiana,36,10,,,Ascension Louisiana,22005,107215,83
St. John the Baptist,0,#N/A,Louisiana,21,5,,,St. John the Baptist Louisiana,22095,45924,0
St. Bernard,0,#N/A,Louisiana,19,4,,,St. Bernard Louisiana,22087,35897,0
Lafourche,0,#N/A,Louisiana,16,1,,,Lafourche Louisiana,22057,96318,203
St. Charles,0,#N/A,Louisiana,15,,,,St. Charles Louisiana,22089,52780,59
Iberville,0,#N/A,Louisiana,14,4,,1,Iberville Louisiana,22047,33387,0
Terrebonne,0,#N/A,Louisiana,14,,,,Terrebonne Louisiana,22109,111860,367
Bossier,0,#N/A,Louisiana,12,,,,Bossier Louisiana,22015,116979,404
Unassigned,2,#N/A,Louisiana,12,,,1,Unassigned Louisiana,#N/A,#N/A,#N/A
Lafayette,0,#N/A,Louisiana,12,3,,,Lafayette Louisiana,22055,221578,1110
Rapides,0,#N/A,Louisiana,10,2,,,Rapides Louisiana,22079,131613,906
St. James,0,#N/A,Louisiana,9,1,,,St. James Louisiana,22093,22102,20
Plaquemines,0,#N/A,Louisiana,8,,,,Plaquemines Louisiana,22075,23042,0
Ouachita,0,#N/A,Louisiana,7,,,,Ouachita Louisiana,22073,153720,679
Livingston,0,#N/A,Louisiana,6,1,,,Livingston Louisiana,22063,128026,59
De Soto,0,#N/A,Louisiana,6,1,,,De Soto Louisiana,22031,26656,0
West Baton Rouge,0,#N/A,Louisiana,5,,,,West Baton Rouge Louisiana,22121,23788,0
Calcasieu,0,#N/A,Louisiana,5,1,,1,Calcasieu Louisiana,22019,192768,690
Tangipahoa,0,#N/A,Louisiana,4,1,,,Tangipahoa Louisiana,22105,121097,404
Washington,0,#N/A,Louisiana,3,1,,,Washington Louisiana,22117,47168,25
Webster,0,#N/A,Louisiana,3,,,,Webster Louisiana,22119,41207,196
St. Landry,0,#N/A,Louisiana,3,,,,St. Landry Louisiana,22097,83384,360
Avoyelles,0,#N/A,Louisiana,3,2,,,Avoyelles Louisiana,22009,42073,55
Vernon,0,#N/A,Louisiana,2,2,,,Vernon Louisiana,22115,52334,119
Acadia,0,#N/A,Louisiana,2,1,,,Acadia Louisiana,22001,61773,41
Evangeline,0,#N/A,Louisiana,2,,,,Evangeline Louisiana,22039,33984,250
Assumption,0,#N/A,Louisiana,2,1,,,Assumption Louisiana,22007,23421,6
Natchitoches,0,#N/A,Louisiana,2,,,,Natchitoches Louisiana,22069,39566,208
Beauregard,0,#N/A,Louisiana,2,1,,,Beauregard Louisiana,22011,35654,80
Lincoln,0,#N/A,Louisiana,2,,,,Lincoln Louisiana,22061,46735,146
Claiborne,0,#N/A,Louisiana,2,,,,Claiborne Louisiana,22027,17195,0
St. Mary,0,#N/A,Louisiana,2,1,,,St. Mary Louisiana,22101,54650,187
Allen,0,#N/A,Louisiana,2,,,,Allen Louisiana,22003,25764,76
Iberia,0,#N/A,Louisiana,2,,,,Iberia Louisiana,22045,73240,211
Grant,0,#N/A,Louisiana,1,,,,Grant Louisiana,22043,22309,0
Bienville,0,#N/A,Louisiana,1,,,,Bienville Louisiana,22013,14353,21
Catahoula,0,#N/A,Louisiana,1,,,,Catahoula Louisiana,22025,10407,0
Richland,0,#N/A,Louisiana,1,,,,Richland Louisiana,22083,20725,56
St. Martin,0,#N/A,Louisiana,1,1,,,St. Martin Louisiana,22099,52160,25
category Massachusetts,1,#N/A,Massachusetts,1159,382,,2,category Massachusetts Massachusetts,#N/A,#N/A,#N/A
Middlesex,0,#N/A,Massachusetts,304,72,,,Middlesex Massachusetts,25017,1503085,4150
Suffolk,0,#N/A,Massachusetts,234,80,,,Suffolk Massachusetts,25025,722023,6162
Norfolk,0,#N/A,Massachusetts,129,47,,,Norfolk Massachusetts,25021,670850,1670
Essex,0,#N/A,Massachusetts,118,45,,,Essex Massachusetts,25009,743159,1443
Unassigned,2,#N/A,Massachusetts,85,32,,2,Unassigned Massachusetts,#N/A,#N/A,#N/A
Worcester,0,#N/A,Massachusetts,73,31,,,Worcester Massachusetts,25027,798552,2233
Plymouth,0,3,Massachusetts,64,32,,,Plymouth Massachusetts,25023,494919,872
Barnstable,0,#N/A,Massachusetts,40,10,,,Barnstable Massachusetts,25001,215888,407
Berkshire,0,#N/A,Massachusetts,37,11,,,Berkshire Massachusetts,25003,131219,323
Bristol,0,#N/A,Massachusetts,31,6,,,Bristol Massachusetts,25005,548285,1399
Hampden,0,#N/A,Massachusetts,24,9,,,Hampden Massachusetts,25013,463490,1773
Franklin,0,#N/A,Massachusetts,10,4,,,Franklin Massachusetts,25011,71372,89
Hampshire,0,#N/A,Massachusetts,8,2,,,Hampshire Massachusetts,25015,158080,165
Dukes and Nantucket,0,Nantucket Massachusetts,Massachusetts,2,1,,,Dukes and Nantucket Massachusetts,25019,10172,19
category Georgia,1,#N/A,Georgia,1091,288,,6,category Georgia Georgia,#N/A,#N/A,#N/A
Fulton,0,#N/A,Georgia,191,39,,,Fulton Georgia,13121,920581,4353
DeKalb,0,#N/A,Georgia,107,33,,,DeKalb Georgia,13089,691893,2436
Dougherty,0,#N/A,Georgia,101,32,,,Dougherty Georgia,13095,94565,939
Cobb,0,#N/A,Georgia,90,11,,,Cobb Georgia,13067,688078,1099
Unassigned,2,#N/A,Georgia,81,35,,6,Unassigned Georgia,#N/A,#N/A,#N/A
Bartow,0,#N/A,Georgia,76,15,,,Bartow Georgia,13015,100157,80
Gwinnett,0,#N/A,Georgia,46,11,,,Gwinnett Georgia,13135,805321,847
Cherokee,0,#N/A,Georgia,30,6,,,Cherokee Georgia,13057,214346,79
Carroll,0,#N/A,Georgia,26,5,,,Carroll Georgia,13045,110527,303
Lee,0,#N/A,Georgia,24,5,,,Lee Georgia,13177,28298,0
Clayton,0,#N/A,Georgia,21,2,,,Clayton Georgia,13063,259424,558
Clarke,0,#N/A,Georgia,17,3,,,Clarke Georgia,13059,116714,574
Hall,0,#N/A,Georgia,16,6,,,Hall Georgia,13139,179684,557
Henry,0,#N/A,Georgia,13,4,,,Henry Georgia,13151,203922,265
Douglas,0,#N/A,Georgia,12,5,,,Douglas Georgia,13097,132403,192
Fayette,0,#N/A,Georgia,12,1,,,Fayette Georgia,13113,106567,157
Floyd,0,#N/A,Georgia,12,2,,,Floyd Georgia,13115,96317,559
Lowndes,0,#N/A,Georgia,11,3,,,Lowndes Georgia,13185,109233,430
Richmond,0,#N/A,Georgia,11,,,,Richmond Georgia,13245,200549,2470
Coweta,0,#N/A,Georgia,10,1,,,Coweta Georgia,13077,127317,211
Gordon,0,#N/A,Georgia,8,2,,,Gordon Georgia,13129,55186,80
Forsyth,0,#N/A,Georgia,8,1,,,Forsyth Georgia,13117,175511,187
Polk,0,#N/A,Georgia,8,4,,,Polk Georgia,13233,41475,53
Rockdale,0,#N/A,Georgia,8,3,,,Rockdale Georgia,13247,85215,146
Chatham,0,#N/A,Georgia,7,3,,,Chatham Georgia,13051,265128,1717
Troup,0,#N/A,Georgia,6,2,,,Troup Georgia,13285,67044,276
Laurens,0,#N/A,Georgia,6,4,,,Laurens Georgia,13175,48434,368
Columbia,0,#N/A,Georgia,6,3,,,Columbia Georgia,13073,124053,0
Newton,0,#N/A,Georgia,6,2,,,Newton Georgia,13217,99958,97
Paulding,0,#N/A,Georgia,6,1,,,Paulding Georgia,13223,142324,83
Houston,0,#N/A,Georgia,5,4,,,Houston Georgia,13153,139900,276
Spalding,0,#N/A,Georgia,5,1,,,Spalding Georgia,13255,64073,160
Early,0,#N/A,Georgia,5,3,,,Early Georgia,13099,11008,25
Glynn,0,#N/A,Georgia,5,1,,,Glynn Georgia,13127,79626,401
Oconee,0,#N/A,Georgia,5,2,,,Oconee Georgia,13219,32808,0
Bibb,0,#N/A,Georgia,4,2,,,Bibb Georgia,13021,155547,1182
Mitchell,0,#N/A,Georgia,4,4,,,Mitchell Georgia,13205,23498,23
Muscogee,0,#N/A,Georgia,4,2,,,Muscogee Georgia,13215,189885,1374
Sumter,0,#N/A,Georgia,4,2,,,Sumter Georgia,13261,32819,76
Pickens,0,#N/A,Georgia,4,1,,,Pickens Georgia,13227,29431,48
Worth,0,#N/A,Georgia,4,1,,,Worth Georgia,13321,21679,25
Monroe,0,#N/A,Georgia,3,2,,,Monroe Georgia,13207,26424,25
Terrell,0,#N/A,Georgia,3,1,,,Terrell Georgia,13273,9315,0
Lamar,0,#N/A,Georgia,3,,,,Lamar Georgia,13171,18317,0
Lumpkin,0,#N/A,Georgia,3,1,,,Lumpkin Georgia,13187,29966,49
Peach,0,#N/A,Georgia,3,,,,Peach Georgia,13225,27695,25
Crisp,0,#N/A,Georgia,3,3,,,Crisp Georgia,13081,23439,73
Whitfield,0,#N/A,Georgia,2,,,,Whitfield Georgia,13313,102599,282
Tift,0,#N/A,Georgia,2,,,,Tift Georgia,13277,40118,191
Effingham,0,#N/A,Georgia,2,,,,Effingham Georgia,13103,52250,25
Coffee,0,#N/A,Georgia,2,1,,,Coffee Georgia,13069,42356,88
Colquitt,0,#N/A,Georgia,2,,,,Colquitt Georgia,13071,45498,158
Baker,0,#N/A,Georgia,2,2,,,Baker Georgia,13007,3451,0
Bryan,0,#N/A,Georgia,2,2,,,Bryan Georgia,13029,30233,0
Baldwin,0,#N/A,Georgia,2,,,,Baldwin Georgia,13009,45720,340
Butts,0,#N/A,Georgia,2,,,,Butts Georgia,13035,23655,25
Lincoln,0,#N/A,Georgia,1,,,,Lincoln Georgia,13181,7996,0
Turner,0,#N/A,Georgia,1,,,,Turner Georgia,13287,8930,0
Miller,0,#N/A,Georgia,1,,,,Miller Georgia,13201,6125,25
Chattooga,0,#N/A,Georgia,1,,,,Chattooga Georgia,13055,26015,0
Walton,0,#N/A,Georgia,1,1,,,Walton Georgia,13297,83768,77
Charlton,0,#N/A,Georgia,1,,,,Charlton Georgia,13049,12171,0
Tattnall,0,#N/A,Georgia,1,,,,Tattnall Georgia,13267,25520,25
Catoosa,0,#N/A,Georgia,1,,,,Catoosa Georgia,13047,63942,185
Madison,0,#N/A,Georgia,1,,,,Madison Georgia,13195,28120,0
Morgan,0,#N/A,Georgia,1,,,,Morgan Georgia,13211,17868,41
Pierce,0,#N/A,Georgia,1,,,,Pierce Georgia,13229,18758,0
Washington,0,#N/A,Georgia,1,,,,Washington Georgia,13303,21187,116
Heard,0,#N/A,Georgia,1,,,,Heard Georgia,13149,11834,0
Liberty,0,#N/A,Georgia,1,,,,Liberty Georgia,13179,63453,25
Harris,0,#N/A,Georgia,1,,,,Harris Georgia,13145,32024,0
Burke,0,#N/A,Georgia,1,,,,Burke Georgia,13033,23316,40
Camden,0,#N/A,Georgia,1,,,,Camden Georgia,13039,50513,40
Dawson,0,#N/A,Georgia,1,,,,Dawson Georgia,13085,22330,0
Ben Hill,0,#N/A,Georgia,1,1,,,Ben Hill Georgia,13017,17634,75
Randolph,0,#N/A,Georgia,1,,,,Randolph Georgia,13243,7719,25
Clinch,0,#N/A,Georgia,1,,,,Clinch Georgia,13065,6798,25
Greene,0,#N/A,Georgia,1,1,,,Greene Georgia,13133,15994,49
Irwin,0,#N/A,Georgia,1,1,,,Irwin Georgia,13155,9538,34
Jasper,0,#N/A,Georgia,1,1,,,Jasper Georgia,13159,13900,17
Macon,0,#N/A,Georgia,1,1,,,Macon Georgia,13193,14740,49
Meriwether,0,#N/A,Georgia,1,1,,,Meriwether Georgia,13199,21992,188
Barrow,0,#N/A,Georgia,1,,,,Barrow Georgia,13013,69367,56
Pulaski,0,#N/A,Georgia,1,1,,,Pulaski Georgia,13235,12010,49
Stephens,0,#N/A,Georgia,1,1,,,Stephens Georgia,13257,26175,96
Twiggs,0,#N/A,Georgia,1,,,,Twiggs Georgia,13289,9023,0
category Texas,1,#N/A,Texas,986,177,,3,category Texas Texas,#N/A,#N/A,#N/A
Dallas,0,#N/A,Texas,169,14,,1,Dallas Texas,48113,2368139,8721
Harris,0,#N/A,Texas,134,56,,,Harris Texas,48201,4092459,15865
Travis,0,#N/A,Texas,98,12,,,Travis Texas,48453,1024266,3821
Tarrant,0,#N/A,Texas,71,14,,,Tarrant Texas,48439,1809034,6810
Bexar,0,#N/A,Texas,69,12,,,Bexar Texas,48029,1714773,8084
Denton,0,#N/A,Texas,51,15,,,Denton Texas,48121,662614,1516
Fort Bend,0,#N/A,Texas,46,4,,,Fort Bend Texas,48157,585375,1105
Collin,0,#N/A,Texas,45,,,,Collin Texas,48085,782341,2649
Brazoria,0,#N/A,Texas,28,12,,,Brazoria Texas,48039,313166,357
McLennan,0,#N/A,Texas,24,4,,,McLennan Texas,48309,234906,285
Montgomery,0,#N/A,Texas,23,4,,,Montgomery Texas,48339,455746,1908
Bell,0,#N/A,Texas,18,2,,,Bell Texas,48027,310235,1091
Galveston,0,#N/A,Texas,18,,,,Galveston Texas,48167,291309,711
Brazos,0,#N/A,Texas,16,4,,,Brazos Texas,48041,194851,658
Smith,0,#N/A,Texas,14,4,,,Smith Texas,48423,209714,1337
Williamson,0,#N/A,Texas,14,,,,Williamson Texas,48491,422679,1009
Lubbock,0,#N/A,Texas,12,2,,,Lubbock Texas,48303,278831,1563
El Paso,0,#N/A,Texas,10,1,,,El Paso Texas,48141,800647,2813
Hays,0,#N/A,Texas,7,,,,Hays Texas,48209,157107,354
Jefferson,0,#N/A,Texas,6,,,,Jefferson Texas,48245,252273,1593
Ellis,0,#N/A,Texas,6,,,,Ellis Texas,48139,149610,164
Wichita,0,#N/A,Texas,6,1,,,Wichita Texas,48485,131500,559
Nueces,0,#N/A,Texas,6,,,,Nueces Texas,48355,340223,2035
Cameron,0,#N/A,Texas,6,,,,Cameron Texas,48061,406220,1463
Comal,0,#N/A,Texas,5,2,,,Comal Texas,48091,108472,340
Hidalgo,0,#N/A,Texas,5,3,,,Hidalgo Texas,48215,774769,2292
Matagorda,0,#N/A,Texas,4,,,,Matagorda Texas,48321,36702,75
Guadalupe,0,#N/A,Texas,4,,,,Guadalupe Texas,48187,131533,133
Webb,0,#N/A,Texas,4,,,,Webb Texas,48479,250304,578
Midland,0,#N/A,Texas,3,2,,1,Midland Texas,48329,136872,621
Victoria,0,#N/A,Texas,3,3,,,Victoria Texas,48469,86793,723
Potter,0,#N/A,Texas,3,1,,,Potter Texas,48375,121073,1146
Hockley,0,#N/A,Texas,3,,,,Hockley Texas,48219,22935,48
Brown,0,#N/A,Texas,2,,,,Brown Texas,48049,38106,194
Kaufman,0,#N/A,Texas,2,2,,,Kaufman Texas,48257,103350,407
Grayson,0,#N/A,Texas,2,,,,Grayson Texas,48181,120877,602
Atascosa,0,#N/A,Texas,2,,,,Atascosa Texas,48013,44911,67
Randall,0,#N/A,Texas,2,,,,Randall Texas,48381,120725,4
Johnson,0,#N/A,Texas,2,,,,Johnson Texas,48251,150934,137
Milam,0,#N/A,Texas,2,,,,Milam Texas,48331,24757,35
Grimes,0,#N/A,Texas,2,,,,Grimes Texas,48185,26604,25
Castro,0,#N/A,Texas,2,,,,Castro Texas,48069,8062,17
Hardin,0,#N/A,Texas,2,,,,Hardin Texas,48199,54635,0
Parker,0,#N/A,Texas,1,,,,Parker Texas,48367,116927,125
Oldham,0,#N/A,Texas,1,,,1,Oldham Texas,48359,2052,0
Kendall,0,#N/A,Texas,1,,,,Kendall Texas,48259,33410,0
Lamar,0,#N/A,Texas,1,,,,Lamar Texas,48277,49793,393
Fayette,0,#N/A,Texas,1,,,,Fayette Texas,48149,24554,65
Medina,0,#N/A,Texas,1,,,,Medina Texas,48325,46006,25
Wharton,0,#N/A,Texas,1,,,,Wharton Texas,48481,41280,49
Rusk,0,#N/A,Texas,1,,,,Rusk Texas,48401,53330,96
Deaf Smith,0,#N/A,Texas,1,,,,Deaf Smith Texas,48117,19372,42
Bowie,0,#N/A,Texas,1,,,,Bowie Texas,48037,92565,841
Chambers,0,#N/A,Texas,1,,,,Chambers Texas,48071,35096,39
Liberty,0,#N/A,Texas,1,,,,Liberty Texas,48291,75643,29
Crane,0,#N/A,Texas,1,,,,Crane Texas,48103,4375,25
Bastrop,0,#N/A,Texas,1,,,,Bastrop Texas,48021,74171,8
Burnet,0,#N/A,Texas,1,,,,Burnet Texas,48053,42750,71
Walker,0,#N/A,Texas,1,,,,Walker Texas,48471,67861,123
DeWitt,0,#N/A,Texas,1,,,,DeWitt Texas,48123,20097,49
Fannin,0,#N/A,Texas,1,,,,Fannin Texas,48147,33915,25
Van Zandt,0,#N/A,Texas,1,,,,Van Zandt Texas,48467,52579,52
Orange,0,#N/A,Texas,1,,,,Orange Texas,48361,81837,0
Gaines,0,#N/A,Texas,1,,,,Gaines Texas,48165,17526,25
Erath,0,#N/A,Texas,1,,,,Erath Texas,48143,37890,98
Eastland,0,#N/A,Texas,1,,,,Eastland Texas,48133,18583,52
Blanco,0,#N/A,Texas,1,,,,Blanco Texas,48031,10497,0
Waller,0,#N/A,Texas,1,,,,Waller Texas,48473,43205,0
Falls,0,#N/A,Texas,1,,,,Falls Texas,48145,17866,36
Lavaca,0,#N/A,Texas,1,,,,Lavaca Texas,48285,19263,50
Robertson,0,#N/A,Texas,1,,,,Robertson Texas,48395,16622,0
Terry,0,#N/A,Texas,1,,,,Terry Texas,48445,12651,45
Llano,0,#N/A,Texas,1,,,,Llano Texas,48299,19301,30
Gregg,0,#N/A,Texas,1,,,,Gregg Texas,48183,121730,846
Hunt,0,#N/A,Texas,1,1,,,Hunt Texas,48231,86129,246
Hopkins,0,#N/A,Texas,1,1,,,Hopkins Texas,48223,35161,96
Tom Green,0,#N/A,Texas,1,1,,,Tom Green Texas,48451,110224,614
Maverick,0,#N/A,Texas,1,,,,Maverick Texas,48323,54258,101
category Pennsylvania,1,#N/A,Pennsylvania,946,248,,1,category Pennsylvania Pennsylvania,#N/A,#N/A,#N/A
Philadelphia,0,#N/A,Pennsylvania,252,77,,,Philadelphia Pennsylvania,42101,1526006,8160
Montgomery,0,#N/A,Pennsylvania,159,23,,,Montgomery Pennsylvania,42091,799874,3403
Delaware,0,#N/A,Pennsylvania,84,30,,,Delaware Pennsylvania,42045,558979,1123
Bucks,0,#N/A,Pennsylvania,69,26,,,Bucks Pennsylvania,42017,625249,1299
Allegheny,0,#N/A,Pennsylvania,58,10,,1,Allegheny Pennsylvania,42003,1223348,7616
Monroe,0,#N/A,Pennsylvania,45,2,,,Monroe Pennsylvania,42089,169842,235
Chester,0,#N/A,Pennsylvania,40,,,,Chester Pennsylvania,42029,498886,1286
Northampton,0,#N/A,Pennsylvania,33,10,,,Northampton Pennsylvania,42095,297735,362
Lehigh,0,#N/A,Pennsylvania,27,2,,,Lehigh Pennsylvania,42077,349497,1912
Luzerne,0,#N/A,Pennsylvania,21,11,,,Luzerne Pennsylvania,42079,320918,1180
York,0,#N/A,Pennsylvania,18,8,,,York Pennsylvania,42133,434972,921
Berks,0,#N/A,Pennsylvania,16,2,,,Berks Pennsylvania,42011,411442,1247
Lackawanna,0,#N/A,Pennsylvania,15,8,,,Lackawanna Pennsylvania,42069,214437,1079
Cumberland,0,#N/A,Pennsylvania,13,1,,,Cumberland Pennsylvania,42041,235406,590
Westmoreland,0,#N/A,Pennsylvania,11,5,,,Westmoreland Pennsylvania,42129,365169,654
Lancaster,0,#N/A,Pennsylvania,10,5,,,Lancaster Pennsylvania,42071,519445,1191
Washington,0,#N/A,Pennsylvania,9,2,,,Washington Pennsylvania,42125,207820,602
Centre,0,#N/A,Pennsylvania,7,4,,,Centre Pennsylvania,42027,153990,438
Butler,0,#N/A,Pennsylvania,6,1,,,Butler Pennsylvania,42019,183862,296
Adams,0,#N/A,Pennsylvania,6,,,,Adams Pennsylvania,42001,101407,76
Schuylkill,0,#N/A,Pennsylvania,5,2,,,Schuylkill Pennsylvania,42107,148289,361
Erie,0,#N/A,Pennsylvania,5,2,,,Erie Pennsylvania,42049,280566,1188
Wayne,0,#N/A,Pennsylvania,4,1,,,Wayne Pennsylvania,42127,52822,112
Pike,0,#N/A,Pennsylvania,4,1,,,Pike Pennsylvania,42103,57369,0
Dauphin,0,#N/A,Pennsylvania,4,3,,,Dauphin Pennsylvania,42043,268100,1189
Franklin,0,#N/A,Pennsylvania,3,2,,,Franklin Pennsylvania,42055,149618,416
Beaver,0,#N/A,Pennsylvania,3,,,,Beaver Pennsylvania,42007,170539,396
Lebanon,0,#N/A,Pennsylvania,3,,,,Lebanon Pennsylvania,42075,133568,484
Montour,0,#N/A,Pennsylvania,3,2,,,Montour Pennsylvania,42093,18267,656
Mercer,0,#N/A,Pennsylvania,2,1,,,Mercer Pennsylvania,42085,116638,521
Fayette,0,#N/A,Pennsylvania,2,1,,,Fayette Pennsylvania,42051,136606,283
​Armstrong,0,#N/A,Pennsylvania,1,1,,,​Armstrong Pennsylvania,42005,68941,155
Columbia,0,#N/A,Pennsylvania,1,,,,Columbia Pennsylvania,42037,67295,173
Cambria,0,#N/A,Pennsylvania,1,,,,Cambria Pennsylvania,42021,143679,594
Potter,0,#N/A,Pennsylvania,1,,,,Potter Pennsylvania,42105,17457,59
​Bradford,0,#N/A,Pennsylvania,1,1,,,​Bradford Pennsylvania,42015,62622,340
​Carbon,0,#N/A,Pennsylvania,1,1,,,​Carbon Pennsylvania,42025,65249,155
​Clearfield,0,#N/A,Pennsylvania,1,1,,,​Clearfield Pennsylvania,42033,81642,310
​Juniata,0,#N/A,Pennsylvania,1,1,,,​Juniata Pennsylvania,42067,24636,0
​Somerset,0,#N/A,Pennsylvania,1,1,,,​Somerset Pennsylvania,42111,77742,224
category Colorado,1,#N/A,Colorado,824,101,,1,category Colorado Colorado,#N/A,#N/A,#N/A
Denver,0,#N/A,Colorado,176,28,,,Denver Colorado,08031,600158,2361
El Paso,0,#N/A,Colorado,106,37,,1,El Paso Colorado,08041,622263,836
Eagle,0,#N/A,Colorado,96,4,,,Eagle Colorado,08037,52197,58
Arapahoe,0,#N/A,Colorado,69,11,,,Arapahoe Colorado,08005,572003,1010
Jefferson,0,#N/A,Colorado,55,,,,Jefferson Colorado,08059,534543,780
Douglas,0,#N/A,Colorado,53,5,,,Douglas Colorado,08035,285465,286
Weld,0,#N/A,Colorado,50,,,,Weld Colorado,08123,252825,300
Boulder,0,#N/A,Colorado,49,10,,,Boulder Colorado,08013,294567,522
Larimer,0,#N/A,Colorado,34,,,,Larimer Colorado,08069,299630,725
Gunnison,0,#N/A,Colorado,28,,,,Gunnison Colorado,08051,15324,24
Adams,0,#N/A,Colorado,27,2,,,Adams Colorado,08001,441603,800
Pitkin,0,#N/A,Colorado,18,,,,Pitkin Colorado,08097,17148,25
Garfield,0,#N/A,Colorado,8,,,,Garfield Colorado,08045,56389,119
Summit,0,#N/A,Colorado,8,,,,Summit Colorado,08117,27994,34
Mesa,0,#N/A,Colorado,5,,,,Mesa Colorado,08077,146723,460
Broomfield,0,#N/A,Colorado,5,3,,,Broomfield Colorado,08014,55889,0
Unassigned,2,#N/A,Colorado,5,,,,Unassigned Colorado,#N/A,#N/A,#N/A
Elbert,0,#N/A,Colorado,3,,,,Elbert Colorado,08039,23086,0
Teller,0,#N/A,Colorado,3,,,,Teller Colorado,08119,23350,15
Morgan,0,#N/A,Colorado,3,,,,Morgan Colorado,08087,28159,69
Pueblo,0,#N/A,Colorado,3,,,,Pueblo Colorado,08101,159063,1292
Clear Creek,0,#N/A,Colorado,3,,,,Clear Creek Colorado,08019,9088,0
Chaffee,0,#N/A,Colorado,3,,,,Chaffee Colorado,08015,17809,25
Routt,0,#N/A,Colorado,3,,,,Routt Colorado,08107,23509,98
Grand,0,#N/A,Colorado,2,,,,Grand Colorado,08049,14843,44
Logan,0,#N/A,Colorado,2,,,,Logan Colorado,08075,22709,25
Delta,0,#N/A,Colorado,1,1,,,Delta Colorado,08029,30952,49
Hinsdale,0,#N/A,Colorado,1,,,,Hinsdale Colorado,08053,843,0
Montrose,0,#N/A,Colorado,1,,,,Montrose Colorado,08085,41276,69
San Miguel,0,#N/A,Colorado,1,,,,San Miguel Colorado,08113,7359,0
Crowley,0,#N/A,Colorado,1,,,,Crowley Colorado,08025,5823,0
Park,0,#N/A,Colorado,1,,,,Park Colorado,08093,16206,0
Yuma,0,#N/A,Colorado,1,,,,Yuma Colorado,08125,10043,28
category Tennessee,1,#N/A,Tennessee,773,187,,,category Tennessee Tennessee,#N/A,#N/A,#N/A
Davidson,0,#N/A,Tennessee,253,89,,,Davidson Tennessee,47037,626681,4489
Shelby,0,#N/A,Tennessee,135,42,,,Shelby Tennessee,47157,927644,4876
Out-of-state,2,#N/A,Tennessee,95,6,,,Out-of-state Tennessee,#N/A,#N/A,#N/A
Williamson,0,#N/A,Tennessee,64,11,,,Williamson Tennessee,47187,183182,225
Unassigned,2,#N/A,Tennessee,38,8,,,Unassigned Tennessee,#N/A,#N/A,#N/A
Sumner,0,#N/A,Tennessee,34,,,,Sumner Tennessee,47165,160645,441
Knox,0,#N/A,Tennessee,15,3,,,Knox Tennessee,47093,432226,2122
Rutherford,0,#N/A,Tennessee,13,4,,,Rutherford Tennessee,47149,262604,488
Robertson,0,#N/A,Tennessee,12,6,,,Robertson Tennessee,47147,66283,109
Putnam,0,#N/A,Tennessee,8,2,,,Putnam Tennessee,47141,72321,247
Hamilton,0,#N/A,Tennessee,8,,,,Hamilton Tennessee,47065,336463,1825
Washington,0,#N/A,Tennessee,7,1,,,Washington Tennessee,47179,122979,714
Wilson,0,#N/A,Tennessee,7,1,,,Wilson Tennessee,47189,113993,245
Tipton,0,#N/A,Tennessee,6,,,,Tipton Tennessee,47167,61081,100
Montgomery,0,#N/A,Tennessee,6,3,,,Montgomery Tennessee,47125,172331,270
Maury,0,#N/A,Tennessee,6,,,,Maury Tennessee,47119,80956,255
Dickson,0,#N/A,Tennessee,5,,,,Dickson Tennessee,47043,49666,157
Greene,0,#N/A,Tennessee,5,1,,,Greene Tennessee,47059,68831,240
Cheatham,0,#N/A,Tennessee,5,1,,,Cheatham Tennessee,47021,39105,12
Jefferson,0,#N/A,Tennessee,4,1,,,Jefferson Tennessee,47089,51407,54
Carroll,0,#N/A,Tennessee,3,1,,,Carroll Tennessee,47017,28522,115
Blount,0,#N/A,Tennessee,3,1,,,Blount Tennessee,47009,123010,471
Cumberland,0,#N/A,Tennessee,3,1,,,Cumberland Tennessee,47035,56053,189
Bradley,0,#N/A,Tennessee,2,1,,,Bradley Tennessee,47011,98963,348
Hamblen,0,#N/A,Tennessee,2,,,,Hamblen Tennessee,47063,62544,278
Sevier,0,#N/A,Tennessee,2,1,,,Sevier Tennessee,47155,89889,79
Fayette,0,#N/A,Tennessee,2,,,,Fayette Tennessee,47047,38413,0
Gibson,0,#N/A,Tennessee,2,1,,,Gibson Tennessee,47053,49683,70
McMinn,0,#N/A,Tennessee,2,,,,McMinn Tennessee,47107,52266,262
Loudon,0,#N/A,Tennessee,2,1,,,Loudon Tennessee,47105,48556,50
Monroe,0,#N/A,Tennessee,2,,,,Monroe Tennessee,47123,44519,59
Sullivan,0,#N/A,Tennessee,2,,,,Sullivan Tennessee,47163,156823,1175
Dyer,0,#N/A,Tennessee,2,,,,Dyer Tennessee,47045,38335,225
Campbell,0,#N/A,Tennessee,2,,,,Campbell Tennessee,47013,40716,120
Anderson,0,#N/A,Tennessee,1,,,,Anderson Tennessee,47001,75129,301
Cocke,0,#N/A,Tennessee,1,,,,Cocke Tennessee,47029,35662,74
Scott,0,#N/A,Tennessee,1,,,,Scott Tennessee,47151,22228,25
Chester,0,#N/A,Tennessee,1,,,,Chester Tennessee,47023,17131,0
Franklin,0,#N/A,Tennessee,1,,,,Franklin Tennessee,47051,41052,174
Houston,0,#N/A,Tennessee,1,,,,Houston Tennessee,47083,8426,25
Madison,0,#N/A,Tennessee,1,1,,,Madison Tennessee,47113,98294,835
Marion,0,#N/A,Tennessee,1,,,,Marion Tennessee,47115,28237,68
Perry,0,#N/A,Tennessee,1,,,,Perry Tennessee,47135,7915,53
Claiborne,0,#N/A,Tennessee,1,,,,Claiborne Tennessee,47025,32213,85
Dekalb,0,#N/A,Tennessee,1,,,,Dekalb Tennessee,47041,18723,71
Grundy,0,#N/A,Tennessee,1,,,,Grundy Tennessee,47061,13703,0
Hardin,0,#N/A,Tennessee,1,,,,Hardin Tennessee,47071,26026,58
Lincoln,0,#N/A,Tennessee,1,,,,Lincoln Tennessee,47103,33361,59
Overton,0,#N/A,Tennessee,1,,,,Overton Tennessee,47133,22083,82
Roane,0,#N/A,Tennessee,1,,,,Roane Tennessee,47145,54181,54
Weakley,0,#N/A,Tennessee,0,,,,Weakley Tennessee,47183,35021,140
category Connecticut,1,#N/A,Connecticut,618,203,,2,category Connecticut Connecticut,#N/A,#N/A,#N/A
Fairfield,0,#N/A,Connecticut,384,114,,1,Fairfield Connecticut,09001,916829,2066
New Haven,0,#N/A,Connecticut,89,48,,,New Haven Connecticut,09009,862477,3045
Hartford,0,#N/A,Connecticut,88,27,,,Hartford Connecticut,09003,894014,2980
Litchfield,0,#N/A,Connecticut,22,9,,,Litchfield Connecticut,09005,189927,272
Tolland,0,#N/A,Connecticut,19,3,,1,Tolland Connecticut,09013,152691,174
Middlesex,0,#N/A,Connecticut,8,,,,Middlesex Connecticut,09007,165676,215
New London,0,#N/A,Connecticut,6,2,,,New London Connecticut,09011,274055,465
Windham,0,#N/A,Connecticut,2,,,,Windham Connecticut,09015,118428,234
category Ohio,1,#N/A,Ohio,567,124,,2,category Ohio Ohio,#N/A,#N/A,#N/A
Cuyahoga,0,#N/A,Ohio,167,18,,1,Cuyahoga Ohio,39035,1280122,8105
Franklin,0,#N/A,Ohio,75,31,,,Franklin Ohio,39049,1163414,6376
Hamilton,0,#N/A,Ohio,38,12,,,Hamilton Ohio,39061,802374,4961
Summit,0,#N/A,Ohio,36,8,,,Summit Ohio,39153,541781,2819
Lorain,0,#N/A,Ohio,30,6,,,Lorain Ohio,39093,301356,840
Mahoning,0,#N/A,Ohio,28,5,,,Mahoning Ohio,39099,238823,1051
Miami,0,#N/A,Ohio,19,2,,,Miami Ohio,39109,102506,193
Butler,0,#N/A,Ohio,18,1,,,Butler Ohio,39017,368130,879
Medina,0,#N/A,Ohio,15,,,,Medina Ohio,39103,172332,191
Stark,0,#N/A,Ohio,13,1,,,Stark Ohio,39151,375586,1740
Lucas,0,#N/A,Ohio,13,3,,,Lucas Ohio,39095,441815,3357
Delaware,0,#N/A,Ohio,11,4,,,Delaware Ohio,39041,174214,212
Lake,0,#N/A,Ohio,11,3,,,Lake Ohio,39085,230041,561
Montgomery,0,#N/A,Ohio,10,3,,,Montgomery Ohio,39113,535153,3458
Warren,0,#N/A,Ohio,7,2,,,Warren Ohio,39165,212693,378
Geauga,0,#N/A,Ohio,5,3,,,Geauga Ohio,39055,93389,281
Clermont,0,#N/A,Ohio,5,,,,Clermont Ohio,39025,197363,148
Richland,0,#N/A,Ohio,4,3,,,Richland Ohio,39139,124475,398
Marion,0,#N/A,Ohio,4,1,,,Marion Ohio,39101,66501,270
Portage,0,#N/A,Ohio,4,2,,,Portage Ohio,39133,161419,302
Trumbull,0,#N/A,Ohio,4,1,,,Trumbull Ohio,39155,210312,1137
Ashtabula,0,#N/A,Ohio,3,,,,Ashtabula Ohio,39007,101497,429
Tuscarawas,0,#N/A,Ohio,3,1,,,Tuscarawas Ohio,39157,92582,198
Coshocton,0,#N/A,Ohio,3,,,,Coshocton Ohio,39031,36901,56
Columbiana,0,#N/A,Ohio,3,1,,,Columbiana Ohio,39029,107841,351
Greene,0,#N/A,Ohio,3,2,,,Greene Ohio,39057,161573,176
Carroll,0,#N/A,Ohio,3,1,,,Carroll Ohio,39019,28836,0
Union,0,#N/A,Ohio,2,1,,,Union Ohio,39159,52300,97
Clark,0,#N/A,Ohio,2,1,,,Clark Ohio,39023,138333,40
Defiance,0,#N/A,Ohio,2,,,,Defiance Ohio,39039,39037,104
Wood,0,#N/A,Ohio,2,,,,Wood Ohio,39173,125488,196
Huron,0,#N/A,Ohio,2,1,,,Huron Ohio,39077,59626,139
Logan,0,#N/A,Ohio,2,1,,,Logan Ohio,39091,45858,115
Belmont,0,#N/A,Ohio,2,,,,Belmont Ohio,39013,70400,300
Licking,0,#N/A,Ohio,2,1,,,Licking Ohio,39089,166492,262
Fairfield,0,#N/A,Ohio,2,2,,,Fairfield Ohio,39045,146156,255
Highland,0,#N/A,Ohio,1,,,,Highland Ohio,39071,43589,70
Clinton,0,#N/A,Ohio,1,,,,Clinton Ohio,39027,42040,165
Hancock,0,#N/A,Ohio,1,,,,Hancock Ohio,39063,74782,201
Gallia,0,#N/A,Ohio,1,,,1,Gallia Ohio,39053,30934,287
Erie,0,#N/A,Ohio,1,,,,Erie Ohio,39043,77079,424
Washington,0,#N/A,Ohio,1,,,,Washington Ohio,39167,61778,240
Knox,0,#N/A,Ohio,1,,,,Knox Ohio,39083,60921,111
Madison,0,#N/A,Ohio,1,,,,Madison Ohio,39097,43435,94
Ashland,0,#N/A,Ohio,1,,,,Ashland Ohio,39005,53139,123
Sandusky,0,#N/A,Ohio,1,,,,Sandusky Ohio,39143,60944,335
Champaign,0,#N/A,Ohio,1,1,,,Champaign Ohio,39021,40097,8
Crawford,0,#N/A,Ohio,1,1,,,Crawford Ohio,39033,43784,75
Darke,0,#N/A,Ohio,1,,,,Darke Ohio,39037,52959,104
Seneca,0,#N/A,Ohio,1,1,,,Seneca Ohio,39147,56745,120
category North Carolina,1,#N/A,North Carolina,507,83,,,category North Carolina North Carolina,#N/A,#N/A,#N/A
Mecklenburg,0,#N/A,North Carolina,142,36,,,Mecklenburg North Carolina,37119,919628,2949
Wake,0,#N/A,North Carolina,74,8,,,Wake North Carolina,37183,900993,1781
Durham,0,#N/A,North Carolina,74,3,,,Durham North Carolina,37063,267587,1360
Union,0,#N/A,North Carolina,18,5,,,Union North Carolina,37179,201292,227
Guilford,0,#N/A,North Carolina,16,5,,,Guilford North Carolina,37081,488406,1833
Forsyth,0,#N/A,North Carolina,14,2,,,Forsyth North Carolina,37067,350670,1855
Buncombe,0,#N/A,North Carolina,12,4,,,Buncombe North Carolina,37021,238318,877
Brunswick,0,#N/A,North Carolina,10,2,,,Brunswick North Carolina,37019,107431,212
New Hanover,0,#N/A,North Carolina,10,1,,,New Hanover North Carolina,37129,202667,769
Cabarrus,0,#N/A,North Carolina,10,,,,Cabarrus North Carolina,37025,178011,497
Harnett,0,#N/A,North Carolina,9,,,,Harnett North Carolina,37085,114678,167
Iredell,0,#N/A,North Carolina,9,1,,,Iredell North Carolina,37097,159437,501
Pitt,0,#N/A,North Carolina,6,,,,Pitt North Carolina,37147,168148,909
Orange,0,#N/A,North Carolina,6,,,,Orange North Carolina,37135,133801,896
Rowan,0,#N/A,North Carolina,5,1,,,Rowan North Carolina,37159,138428,268
Carteret,0,#N/A,North Carolina,5,,,,Carteret North Carolina,37031,66469,135
Cumberland,0,#N/A,North Carolina,5,,,,Cumberland North Carolina,37051,319431,666
Franklin,0,#N/A,North Carolina,4,,,,Franklin North Carolina,37069,60619,0
Cherokee,0,#N/A,North Carolina,4,,,,Cherokee North Carolina,37039,27444,191
Wilson,0,#N/A,North Carolina,4,,,,Wilson North Carolina,37195,81234,317
Catawba,0,#N/A,North Carolina,4,,,,Catawba North Carolina,37035,154358,638
Nash,0,#N/A,North Carolina,4,1,,,Nash North Carolina,37127,95840,403
Johnston,0,#N/A,North Carolina,4,,,,Johnston North Carolina,37101,168878,199
Chatham,0,#N/A,North Carolina,3,,,,Chatham North Carolina,37037,63505,25
Alamance,0,#N/A,North Carolina,3,,,,Alamance North Carolina,37001,151131,238
Davidson,0,#N/A,North Carolina,3,,,,Davidson North Carolina,37057,162878,243
Onslow,0,#N/A,North Carolina,3,,,,Onslow North Carolina,37133,177772,162
Craven,0,#N/A,North Carolina,3,1,,,Craven North Carolina,37049,103505,350
Gaston,0,3,North Carolina,4,,,,Gaston North Carolina,37071,206086,475
Watauga,0,#N/A,North Carolina,3,1,,,Watauga North Carolina,37189,51079,217
Randolph,0,#N/A,North Carolina,3,1,,,Randolph North Carolina,37151,141752,145
Henderson,0,#N/A,North Carolina,2,,,,Henderson North Carolina,37089,106740,325
Robeson,0,#N/A,North Carolina,2,1,,,Robeson North Carolina,37155,134168,452
Wayne,0,#N/A,North Carolina,2,1,,,Wayne North Carolina,37191,122623,316
Beaufort,0,#N/A,North Carolina,2,2,,,Beaufort North Carolina,37013,47759,142
McDowell,0,#N/A,North Carolina,2,2,,,McDowell North Carolina,37111,44996,65
Moore,0,#N/A,North Carolina,2,,,,Moore North Carolina,37125,88247,372
Stanley,0,3 combined with Gaston ,North Carolina,1,,,,Stanley North Carolina,#N/A,#N/A,#N/A
Hoke,0,#N/A,North Carolina,1,,,,Hoke North Carolina,37093,46952,49
Lincoln,0,#N/A,North Carolina,1,,,,Lincoln North Carolina,37109,78265,101
Hyde,0,#N/A,North Carolina,1,,,,Hyde North Carolina,37095,5810,0
Granville,0,#N/A,North Carolina,1,,,,Granville North Carolina,37077,59916,142
Davie,0,#N/A,North Carolina,1,,,,Davie North Carolina,37059,41240,50
Montgomery,0,#N/A,North Carolina,1,,,,Montgomery North Carolina,37123,27798,37
Lee,0,#N/A,North Carolina,1,,,,Lee North Carolina,37105,57866,127
Scotland,0,#N/A,North Carolina,1,,,,Scotland North Carolina,37165,36157,104
Vance,0,#N/A,North Carolina,1,,,,Vance North Carolina,37181,45422,102
Sampson,0,#N/A,North Carolina,1,,,,Sampson North Carolina,37163,63431,146
Hertford,0,#N/A,North Carolina,1,,,,Hertford North Carolina,37091,24669,114
Jackson,0,#N/A,North Carolina,1,,,,Jackson North Carolina,37099,40271,86
Transylvania,0,#N/A,North Carolina,1,,,,Transylvania North Carolina,37175,33090,94
Northampton,0,#N/A,North Carolina,1,,,,Northampton North Carolina,37131,22099,0
Duplin,0,#N/A,North Carolina,1,1,,,Duplin North Carolina,37061,58505,101
Bertie,0,#N/A,North Carolina,1,1,,,Bertie North Carolina,37015,21282,6
Lenoir,0,#N/A,North Carolina,1,1,,,Lenoir North Carolina,37107,59495,261
Chowan,0,#N/A,North Carolina,1,,,,Chowan North Carolina,37041,14793,89
Burke,0,#N/A,North Carolina,1,1,,,Burke North Carolina,37023,90912,315
Caldwell,0,#N/A,North Carolina,1,1,,,Caldwell North Carolina,37027,83029,110
Pasquotank,0,#N/A,North Carolina,1,,,,Pasquotank North Carolina,37139,40661,182
category Wisconsin,1,#N/A,Wisconsin,481,55,,,category Wisconsin Wisconsin,#N/A,#N/A,#N/A
Milwaukee,0,#N/A,Wisconsin,243,39,,,Milwaukee Wisconsin,55079,947735,4743
Dane,0,#N/A,Wisconsin,72,2,,,Dane Wisconsin,55025,488073,2073
Waukesha,0,#N/A,Wisconsin,31,,,,Waukesha Wisconsin,55133,389891,1305
Fond du Lac,0,#N/A,Wisconsin,18,2,,,Fond du Lac Wisconsin,55039,101633,189
Washington,0,#N/A,Wisconsin,17,2,,,Washington Wisconsin,55131,131887,141
Ozaukee,0,#N/A,Wisconsin,16,2,,,Ozaukee Wisconsin,55089,86395,326
Kenosha,0,#N/A,Wisconsin,13,1,,,Kenosha Wisconsin,55059,166426,517
Sheboygan,0,#N/A,Wisconsin,6,,,,Sheboygan Wisconsin,55117,115507,370
Racine,0,#N/A,Wisconsin,5,,,,Racine Wisconsin,55101,195408,715
La Crosse,0,#N/A,Wisconsin,5,,,,La Crosse Wisconsin,55063,114638,656
Winnebago,0,#N/A,Wisconsin,5,,,,Winnebago Wisconsin,55139,166994,795
Columbia,0,#N/A,Wisconsin,5,,,,Columbia Wisconsin,55021,56833,98
Walworth,0,#N/A,Wisconsin,4,1,,,Walworth Wisconsin,55127,102228,134
Jefferson,0,#N/A,Wisconsin,4,2,,,Jefferson Wisconsin,55055,83686,82
St. Croix,0,#N/A,Wisconsin,4,1,,,St. Croix Wisconsin,55109,84345,125
Eau Claire,0,#N/A,Wisconsin,4,,,,Eau Claire Wisconsin,55035,98736,661
Sauk,0,#N/A,Wisconsin,4,1,,,Sauk Wisconsin,55111,61976,161
Douglas,0,#N/A,Wisconsin,4,2,,,Douglas Wisconsin,55031,44159,25
Rock,0,#N/A,Wisconsin,3,,,,Rock Wisconsin,55105,160331,564
Pierce,0,#N/A,Wisconsin,3,,,,Pierce Wisconsin,55093,41019,0
Brown,0,#N/A,Wisconsin,3,,,,Brown Wisconsin,55009,248007,1278
Outagamie,0,#N/A,Wisconsin,2,,,,Outagamie Wisconsin,55087,176695,517
Dodge,0,#N/A,Wisconsin,2,,,,Dodge Wisconsin,55027,88759,245
Calumet,0,#N/A,Wisconsin,1,,,,Calumet Wisconsin,55015,48971,25
Chippewa,0,#N/A,Wisconsin,1,,,,Chippewa Wisconsin,55017,62415,218
Marathon,0,#N/A,Wisconsin,1,,,,Marathon Wisconsin,55073,134063,440
Wood,0,#N/A,Wisconsin,1,,,,Wood Wisconsin,55141,74749,619
Dunn,0,#N/A,Wisconsin,1,,,,Dunn Wisconsin,55033,43857,25
Green,0,#N/A,Wisconsin,1,,,,Green Wisconsin,55045,36842,95
Iowa,0,#N/A,Wisconsin,1,,,,Iowa Wisconsin,55049,23687,25
Bayfield,0,#N/A,Wisconsin,1,,,,Bayfield Wisconsin,55007,15014,0
category Indiana,1,#N/A,Indiana,369,153,,5,category Indiana Indiana,#N/A,#N/A,#N/A
Marion,0,#N/A,Indiana,161,79,,3,Marion Indiana,18097,903393,3595
Hamilton,0,#N/A,Indiana,25,7,,,Hamilton Indiana,18057,274569,577
St. Joseph,0,#N/A,Indiana,18,1,,,St. Joseph Indiana,18141,266931,811
Johnson,0,#N/A,Indiana,18,6,,2,Johnson Indiana,18081,139654,275
Lake,0,#N/A,Indiana,17,7,,,Lake Indiana,18089,496005,2597
Hendricks,0,#N/A,Indiana,13,5,,,Hendricks Indiana,18063,145448,287
Franklin,0,#N/A,Indiana,7,3,,,Franklin Indiana,18047,23087,0
Allen,0,#N/A,Indiana,7,3,,,Allen Indiana,18003,355329,1502
Howard,0,#N/A,Indiana,6,,,,Howard Indiana,18067,82752,254
Floyd,0,#N/A,Indiana,6,3,,,Floyd Indiana,18043,74578,297
Ripley,0,#N/A,Indiana,6,5,,,Ripley Indiana,18137,28818,25
Decatur,0,#N/A,Indiana,6,6,,,Decatur Indiana,18031,25740,25
Clark,0,#N/A,Indiana,5,1,,,Clark Indiana,18019,110232,378
Bartholomew,0,#N/A,Indiana,5,,,,Bartholomew Indiana,18005,76794,198
Elkhart,0,#N/A,Indiana,4,,,,Elkhart Indiana,18039,197559,406
Delaware,0,#N/A,Indiana,4,1,,,Delaware Indiana,18035,117671,411
Tippecanoe,0,#N/A,Indiana,4,2,,,Tippecanoe Indiana,18157,172780,783
Hancock,0,#N/A,Indiana,4,,,,Hancock Indiana,18059,70002,68
Grant,0,#N/A,Indiana,3,1,,,Grant Indiana,18053,70061,113
Madison,0,#N/A,Indiana,3,1,,,Madison Indiana,18095,131636,379
Monroe,0,#N/A,Indiana,3,2,,,Monroe Indiana,18105,137974,368
Morgan,0,#N/A,Indiana,3,2,,,Morgan Indiana,18109,68894,207
Vigo,0,#N/A,Indiana,3,1,,,Vigo Indiana,18167,107848,541
Boone,0,#N/A,Indiana,3,,,,Boone Indiana,18011,56640,52
Fayette,0,#N/A,Indiana,2,1,,,Fayette Indiana,18041,24277,99
Tipton,0,#N/A,Indiana,2,1,,,Tipton Indiana,18159,15936,25
Jennings,0,#N/A,Indiana,2,1,,,Jennings Indiana,18079,28525,17
Gibson,0,#N/A,Indiana,2,2,,,Gibson Indiana,18051,33503,25
Washington,0,#N/A,Indiana,2,1,,,Washington Indiana,18175,28262,25
Starke,0,#N/A,Indiana,2,1,,,Starke Indiana,18149,23363,53
LaPorte,0,#N/A,Indiana,2,,,,LaPorte Indiana,18091,111467,377
Dearborn,0,#N/A,Indiana,2,2,,,Dearborn Indiana,18029,50047,104
Owen,0,#N/A,Indiana,2,1,,,Owen Indiana,18119,21575,0
Wells,0,#N/A,Indiana,1,,,,Wells Indiana,18179,27636,79
Putnam,0,#N/A,Indiana,1,,,,Putnam Indiana,18133,37963,25
Noble,0,#N/A,Indiana,1,,,,Noble Indiana,18113,47536,31
Scott,0,#N/A,Indiana,1,,,,Scott Indiana,18143,24181,25
Adams,0,#N/A,Indiana,1,,,,Adams Indiana,18001,34387,35
Dubois,0,#N/A,Indiana,1,,,,Dubois Indiana,18037,41889,123
Greene,0,#N/A,Indiana,1,,,,Greene Indiana,18055,33165,25
Vanderburgh,0,#N/A,Indiana,1,,,,Vanderburgh Indiana,18163,179703,1266
Porter,0,#N/A,Indiana,1,1,,,Porter Indiana,18127,164343,317
Ohio,0,#N/A,Indiana,1,1,,,Ohio Indiana,18115,6128,0
Brown,0,#N/A,Indiana,1,1,,,Brown Indiana,18013,15242,0
Warrick,0,#N/A,Indiana,1,1,,,Warrick Indiana,18173,59689,181
Miami,0,#N/A,Indiana,1,,,,Miami Indiana,18103,36903,25
Lawrence,0,#N/A,Indiana,1,1,,,Lawrence Indiana,18093,46134,50
Jackson,0,#N/A,Indiana,1,1,,,Jackson Indiana,18071,42376,93
Montgomery,0,#N/A,Indiana,1,1,,,Montgomery Indiana,18107,38124,103
Shelby,0,#N/A,Indiana,1,,,,Shelby Indiana,18145,44436,0
category Maryland,1,#N/A,Maryland,350,60,,1,category Maryland Maryland,#N/A,#N/A,#N/A
Montgomery,0,#N/A,Maryland,107,13,,,Montgomery Maryland,24031,971777,1492
Prince George's,0,#N/A,Maryland,63,16,,1,Prince George's Maryland,24033,863420,836
Baltimore,0,#N/A,Maryland,42,7,,,Baltimore Maryland,24005,805029,1899
Baltimore City,0,Baltimore Maryland,Maryland,41,10,,,Baltimore City Maryland,24005,805029,1899
Howard,0,#N/A,Maryland,30,4,,,Howard Maryland,24027,287085,581
Anne Arundel,0,#N/A,Maryland,24,4,,,Anne Arundel Maryland,24003,537656,673
Carroll,0,#N/A,Maryland,5,,,,Carroll Maryland,24013,167134,409
Charles,0,#N/A,Maryland,5,,,,Charles Maryland,24017,146551,89
Harford,0,#N/A,Maryland,5,,,,Harford Maryland,24025,244826,255
Frederick,0,#N/A,Maryland,4,,,,Frederick Maryland,24021,233385,308
Wicomico,0,#N/A,Maryland,4,,,,Wicomico Maryland,24045,98733,416
Garrett,0,#N/A,Maryland,3,,,,Garrett Maryland,24023,30097,55
Calvert,0,#N/A,Maryland,3,2,,,Calvert Maryland,24009,88737,76
Cecil,0,#N/A,Maryland,3,2,,,Cecil Maryland,24015,101108,122
Washington,0,#N/A,Maryland,2,,,,Washington Maryland,24043,147430,372
St. Mary's,0,#N/A,Maryland,2,1,,,St. Mary's Maryland,24037,105151,95
Worcester,0,#N/A,Maryland,2,,,,Worcester Maryland,24047,51454,45
Caroline,0,#N/A,Maryland,1,,,,Caroline Maryland,24011,33066,0
Queen Anne's,0,#N/A,Maryland,1,,,,Queen Anne's Maryland,24035,47798,0
Somerset,0,#N/A,Maryland,1,,,,Somerset Maryland,24039,26470,89
Talbot,0,#N/A,Maryland,1,,,,Talbot Maryland,24041,37782,132
Unassigned,2,#N/A,Maryland,1,1,,,Unassigned Maryland,#N/A,#N/A,#N/A
category South Carolina,1,#N/A,South Carolina,342,44,,,category South Carolina South Carolina,#N/A,#N/A,#N/A
Kershaw,0,#N/A,South Carolina,58,4,,,Kershaw South Carolina,45055,61697,121
Richland,0,#N/A,South Carolina,45,2,,,Richland South Carolina,45079,384504,2585
Greenville,0,#N/A,South Carolina,39,8,,,Greenville South Carolina,45045,451225,1681
Charleston,0,#N/A,South Carolina,36,5,,,Charleston South Carolina,45019,350209,2166
Beaufort,0,#N/A,South Carolina,22,1,,,Beaufort South Carolina,45013,162233,290
Horry,0,#N/A,South Carolina,19,3,,,Horry South Carolina,45051,269291,753
Lexington,0,#N/A,South Carolina,19,2,,,Lexington South Carolina,45063,262391,556
Anderson,0,#N/A,South Carolina,16,1,,,Anderson South Carolina,45007,187126,755
York,0,#N/A,South Carolina,11,4,,,York South Carolina,45091,226073,334
Orangeburg,0,#N/A,South Carolina,8,,,,Orangeburg South Carolina,45075,92501,301
Sumter,0,#N/A,South Carolina,8,4,,,Sumter South Carolina,45085,107456,283
Darlington,0,#N/A,South Carolina,8,1,,,Darlington South Carolina,45031,68681,188
Lancaster,0,#N/A,South Carolina,7,,,,Lancaster South Carolina,45057,76652,253
Florence,0,#N/A,South Carolina,5,2,,,Florence South Carolina,45041,136885,1025
Clarendon,0,#N/A,South Carolina,5,1,,,Clarendon South Carolina,45027,34971,89
Berkeley,0,#N/A,South Carolina,4,,,,Berkeley South Carolina,45015,177843,0
Spartanburg,0,#N/A,South Carolina,4,1,,,Spartanburg South Carolina,45083,284307,943
Dorchester,0,#N/A,South Carolina,3,1,,,Dorchester South Carolina,45035,136555,104
Aiken,0,#N/A,South Carolina,2,1,,,Aiken South Carolina,45003,160099,245
Lee,0,#N/A,South Carolina,2,,,,Lee South Carolina,45061,19220,20
Greenwood,0,#N/A,South Carolina,2,,,,Greenwood South Carolina,45047,69661,400
Jasper,0,#N/A,South Carolina,2,1,,,Jasper South Carolina,45053,24777,41
Fairfield,0,#N/A,South Carolina,2,,,,Fairfield South Carolina,45039,23956,25
Georgetown,0,#N/A,South Carolina,2,,,,Georgetown South Carolina,45043,60158,298
Oconee,0,#N/A,South Carolina,2,,,,Oconee South Carolina,45073,74273,169
Colleton,0,#N/A,South Carolina,1,,,,Colleton South Carolina,45029,38892,131
Saluda,0,#N/A,South Carolina,1,,,,Saluda South Carolina,45081,19875,0
Edgefield,0,#N/A,South Carolina,1,,,,Edgefield South Carolina,45037,26985,25
Newberry,0,#N/A,South Carolina,1,,,,Newberry South Carolina,45071,37508,90
Abbeville,0,#N/A,South Carolina,1,,,,Abbeville South Carolina,45001,25417,25
Pickens,0,#N/A,South Carolina,1,,,,Pickens South Carolina,45077,119224,164
Calhoun,0,#N/A,South Carolina,1,,,,Calhoun South Carolina,45017,15175,0
Chesterfield,0,#N/A,South Carolina,1,1,,,Chesterfield South Carolina,45025,46734,59
Chester,0,#N/A,South Carolina,1,,,,Chester South Carolina,45023,33140,82
Marlboro,0,#N/A,South Carolina,1,1,,,Marlboro South Carolina,45069,28933,0
Dillon,0,#N/A,South Carolina,1,,,,Dillon South Carolina,45033,32062,79
category Arizona,1,#N/A,Arizona,326,91,,2,category Arizona Arizona,#N/A,#N/A,#N/A
Maricopa,0,#N/A,Arizona,199,60,,,Maricopa Arizona,04013,3817117,9705
Pima,0,#N/A,Arizona,42,18,,,Pima Arizona,04019,980263,3018
Navajo,0,#N/A,Arizona,32,7,,,Navajo Arizona,04017,107449,130
Pinal,0,#N/A,Arizona,22,5,,,Pinal Arizona,04021,375770,388
Coconino,0,#N/A,Arizona,18,1,,,Coconino Arizona,04005,134421,308
Apache,0,#N/A,Arizona,4,,,,Apache Arizona,04001,71518,45
Yavapai,0,#N/A,Arizona,3,,,,Yavapai Arizona,04025,211033,332
Yuma,0,#N/A,Arizona,2,,,,Yuma Arizona,04027,195751,410
Graham,0,#N/A,Arizona,2,,,,Graham Arizona,04009,37220,49
Santa Cruz,0,#N/A,Arizona,1,,,,Santa Cruz Arizona,04023,47420,56
Cochise,0,#N/A,Arizona,1,,,,Cochise Arizona,04003,131346,184
Unassigned,2,#N/A,Arizona,0,,,2,Unassigned Arizona,#N/A,#N/A,#N/A
category Mississippi,1,#N/A,Mississippi,320,71,,,category Mississippi Mississippi,#N/A,#N/A,#N/A
Hinds,0,#N/A,Mississippi,31,7,,,Hinds Mississippi,28049,245285,2427
DeSoto,0,#N/A,Mississippi,29,6,,,DeSoto Mississippi,28033,161252,514
Harrison,0,#N/A,Mississippi,24,3,,,Harrison Mississippi,28047,187105,867
Forrest,0,#N/A,Mississippi,14,3,,,Forrest Mississippi,28035,74934,545
Madison,0,#N/A,Mississippi,14,3,,,Madison Mississippi,28089,95203,67
Rankin,0,#N/A,Mississippi,13,5,,,Rankin Mississippi,28121,141617,2081
Pearl River,0,#N/A,Mississippi,13,1,,,Pearl River Mississippi,28109,55834,84
Lee,0,#N/A,Mississippi,12,4,,,Lee Mississippi,28081,82910,700
Tippah,0,#N/A,Mississippi,11,2,,,Tippah Mississippi,28139,22232,25
Coahoma,0,#N/A,Mississippi,11,3,,,Coahoma Mississippi,28027,26151,181
Leflore,0,#N/A,Mississippi,10,1,,,Leflore Mississippi,28083,32317,208
Jackson,0,#N/A,Mississippi,10,3,,,Jackson Mississippi,28059,139668,571
Lafayette,0,#N/A,Mississippi,8,3,,,Lafayette Mississippi,28071,47351,217
Pike,0,#N/A,Mississippi,7,3,,,Pike Mississippi,28113,40404,197
Holmes,0,#N/A,Mississippi,6,,,,Holmes Mississippi,28051,19198,25
Chickasaw,0,#N/A,Mississippi,6,3,,,Chickasaw Mississippi,28017,17392,84
Lowndes,0,#N/A,Mississippi,6,,,,Lowndes Mississippi,28087,59779,315
Hancock,0,#N/A,Mississippi,5,1,,,Hancock Mississippi,28045,43929,102
Copiah,0,#N/A,Mississippi,5,1,,,Copiah Mississippi,28029,29449,25
Washington,0,#N/A,Mississippi,5,1,,,Washington Mississippi,28151,51137,363
Oktibbeha,0,#N/A,Mississippi,5,,,,Oktibbeha Mississippi,28105,47671,96
Lincoln,0,#N/A,Mississippi,4,,,,Lincoln Mississippi,28085,34869,99
Wilkinson,0,#N/A,Mississippi,4,1,,,Wilkinson Mississippi,28157,9878,0
Bolivar,0,#N/A,Mississippi,4,,,,Bolivar Mississippi,28011,34145,165
Itawamba,0,#N/A,Mississippi,3,,,,Itawamba Mississippi,28057,23401,0
Yazoo,0,#N/A,Mississippi,3,2,,,Yazoo Mississippi,28163,28065,25
Franklin,0,#N/A,Mississippi,3,,,,Franklin Mississippi,28037,8118,25
Tunica,0,#N/A,Mississippi,3,1,,,Tunica Mississippi,28143,10778,0
Monroe,0,#N/A,Mississippi,3,1,,,Monroe Mississippi,28095,36989,130
Marshall,0,#N/A,Mississippi,3,,,,Marshall Mississippi,28093,37144,40
Attala,0,#N/A,Mississippi,3,2,,,Attala Mississippi,28007,19564,25
Sunflower,0,#N/A,Mississippi,3,1,,,Sunflower Mississippi,28133,29450,140
Webster,0,#N/A,Mississippi,2,1,,,Webster Mississippi,28155,10253,38
Tallahatchie,0,#N/A,Mississippi,2,1,,,Tallahatchie Mississippi,28135,15378,18
Panola,0,#N/A,Mississippi,2,,,,Panola Mississippi,28107,34707,112
Winston,0,#N/A,Mississippi,2,,,,Winston Mississippi,28159,19198,66
Grenada,0,#N/A,Mississippi,2,,,,Grenada Mississippi,28043,21906,156
Walthall,0,#N/A,Mississippi,2,,,,Walthall Mississippi,28147,15443,25
Montgomery,0,#N/A,Mississippi,2,1,,,Montgomery Mississippi,28097,10925,25
Lawrence,0,#N/A,Mississippi,2,,,,Lawrence Mississippi,28077,12929,25
Pontotoc,0,#N/A,Mississippi,2,1,,,Pontotoc Mississippi,28115,29957,25
Scott,0,#N/A,Mississippi,2,1,,,Scott Mississippi,28123,28264,60
Leake,0,#N/A,Mississippi,2,1,,,Leake Mississippi,28079,23805,25
Lamar,0,#N/A,Mississippi,2,1,,,Lamar Mississippi,28073,55658,261
Adams,0,#N/A,Mississippi,2,,,,Adams Mississippi,28001,32297,179
Noxubee,0,#N/A,Mississippi,1,1,,,Noxubee Mississippi,28103,11545,25
Perry,0,#N/A,Mississippi,1,,,,Perry Mississippi,28111,12250,22
George,0,#N/A,Mississippi,1,,,,George Mississippi,28039,22578,48
Jones,0,#N/A,Mississippi,1,,,,Jones Mississippi,28067,67761,285
Simpson,0,#N/A,Mississippi,1,,,,Simpson Mississippi,28127,27503,99
Humphreys,0,#N/A,Mississippi,1,,,,Humphreys Mississippi,28053,9375,0
Tate,0,#N/A,Mississippi,1,,,,Tate Mississippi,28137,28886,76
Union,0,#N/A,Mississippi,1,,,,Union Mississippi,28145,27134,153
Marion,0,#N/A,Mississippi,1,,,,Marion Mississippi,28091,27088,49
Smith,0,#N/A,Mississippi,1,,,,Smith Mississippi,28129,16491,29
Choctaw,0,#N/A,Mississippi,1,1,,,Choctaw Mississippi,28019,8547,25
Newton,0,#N/A,Mississippi,1,1,,,Newton Mississippi,28101,21720,25
Clay,0,#N/A,Mississippi,1,,,,Clay Mississippi,28025,20634,60
category Virginia,1,#N/A,Virginia,305,50,,2,category Virginia Virginia,#N/A,#N/A,#N/A
Fairfax,0,#N/A,Virginia,46,3,,,Fairfax Virginia,51059,1081726,1662
James City,0,#N/A,Virginia,37,3,,,James City Virginia,51095,67009,357
Arlington,0,#N/A,Virginia,36,2,,,Arlington Virginia,51013,207627,334
Prince William,0,#N/A,Virginia,23,5,,,Prince William Virginia,51153,402002,243
Loudoun,0,#N/A,Virginia,18,3,,,Loudoun Virginia,51107,312311,462
Virginia Beach,0,#N/A,Virginia,17,,,,Virginia Beach Virginia,51810,437994,542
Henrico,0,#N/A,Virginia,14,3,,2,Henrico Virginia,51087,306935,1031
Richmond City,0,Richmond Virginia,Virginia,11,3,,,Richmond City Virginia,51159,9254,0
Chesterfield,0,#N/A,Virginia,10,1,,,Chesterfield Virginia,51041,316236,466
Alexandria,0,#N/A,Virginia,8,2,,,Alexandria Virginia,51510,139966,318
Stafford,0,#N/A,Virginia,6,,,,Stafford Virginia,51179,128961,100
York,0,#N/A,Virginia,6,1,,,York Virginia,51199,65464,145
Williamsburg,0,#N/A,Virginia,5,,,,Williamsburg Virginia,51830,14068,40
Norfolk,0,#N/A,Virginia,5,1,,,Norfolk Virginia,51710,242803,1400
Charlottesville,0,#N/A,Virginia,5,1,,,Charlottesville Virginia,51540,43475,614
Albemarle,0,#N/A,Virginia,4,2,,,Albemarle Virginia,51003,98970,266
Goochland,0,#N/A,Virginia,3,1,,,Goochland Virginia,51075,21717,0
Portsmouth City,0,Portsmouth Virginia,Virginia,3,2,,,Portsmouth City Virginia,51740,95535,346
Louisa,0,#N/A,Virginia,3,1,,,Louisa Virginia,51109,33153,0
Bedford,0,#N/A,Virginia,3,2,,,Bedford Virginia,51019,68676,50
Rockingham,0,#N/A,Virginia,3,1,,,Rockingham Virginia,51165,76314,238
Newport News,0,#N/A,Virginia,3,1,,,Newport News Virginia,51700,180719,792
Madison,0,#N/A,Virginia,2,1,,,Madison Virginia,51113,13308,0
Culpeper,0,#N/A,Virginia,2,,,,Culpeper Virginia,51047,46689,70
Prince Edward,0,#N/A,Virginia,2,1,,,Prince Edward Virginia,51147,23368,116
Lynchburg,0,#N/A,Virginia,2,2,,,Lynchburg Virginia,51680,75568,738
Accomack,0,#N/A,Virginia,2,1,,,Accomack Virginia,51001,33164,0
Spotsylvania,0,#N/A,Virginia,2,,,,Spotsylvania Virginia,51177,122397,100
Mecklenburg,0,#N/A,Virginia,2,1,,,Mecklenburg Virginia,51117,32727,99
Rockbridge,0,#N/A,Virginia,2,,,,Rockbridge Virginia,51163,22307,0
Isle of Wight,0,#N/A,Virginia,2,1,,,Isle of Wight Virginia,51093,35270,0
Lee,0,#N/A,Virginia,2,,,,Lee Virginia,51105,25587,0
Gloucester,0,#N/A,Virginia,2,,,,Gloucester Virginia,51073,36858,67
Franklin,0,#N/A,Virginia,1,,,,Franklin Virginia,51067,56159,37
Suffolk,0,#N/A,Virginia,1,,,,Suffolk Virginia,51800,84585,150
Botetourt,0,#N/A,Virginia,1,,,,Botetourt Virginia,51023,33148,0
Amherst,0,#N/A,Virginia,1,,,,Amherst Virginia,51009,32353,0
Charles City,0,#N/A,Virginia,1,,,,Charles City Virginia,51036,7256,0
Fluvanna,0,#N/A,Virginia,1,,,,Fluvanna Virginia,51065,25691,0
Danville,0,#N/A,Virginia,1,,,,Danville Virginia,51590,43055,250
Hanover,0,#N/A,Virginia,1,,,,Hanover Virginia,51085,99863,265
Chesapeake,0,#N/A,Virginia,1,1,,,Chesapeake Virginia,51550,222209,310
Halifax,0,#N/A,Virginia,1,1,,,Halifax Virginia,51083,36241,192
Orange,0,#N/A,Virginia,1,1,,,Orange Virginia,51137,33481,0
Nelson,0,#N/A,Virginia,1,1,,,Nelson Virginia,51125,15020,0
Radford,0,#N/A,Virginia,1,1,,,Radford Virginia,51750,16408,0
Harrisonburg,0,#N/A,Virginia,1,,,,Harrisonburg Virginia,51660,48914,0
category Utah,1,#N/A,Utah,298,41,,,category Utah Utah,#N/A,#N/A,#N/A
Salt Lake,0,#N/A,Utah,124,15,,,Salt Lake Utah,49035,1029655,2932
Summit,0,#N/A,Utah,82,17,,,Summit Utah,49043,36324,26
Davis,0,#N/A,Utah,31,2,,,Davis Utah,49011,306479,579
Wasatch,0,#N/A,Utah,15,4,,,Wasatch Utah,49051,23530,19
Non-Utah resident,2,#N/A,Utah,13,,,,Non-Utah resident Utah,#N/A,#N/A,#N/A
Utah,0,#N/A,Utah,13,2,,,Utah Utah,49049,516564,1033
Weber-Morgan,0,Weber Utah,Utah,9,1,,,Weber-Morgan Utah,49057,231236,477
Southwest Utah,2,#N/A,Utah,5,,,,Southwest Utah Utah,#N/A,#N/A,#N/A
Cache,0,#N/A,Utah,3,,,,Cache Utah,49005,112656,150
Tooele,0,#N/A,Utah,2,,,,Tooele Utah,49045,58218,31
Box Elder,0,#N/A,Utah,1,,,,Box Elder Utah,49003,49975,53
category Missouri,1,#N/A,Missouri,286,91,,3,category Missouri Missouri,#N/A,#N/A,#N/A
St. Louis,0,#N/A,Missouri,100,10,,,St. Louis Missouri,29189,998954,4820
St. Louis City,0,St. Louis Missouri,Missouri,37,15,,,St. Louis City Missouri,29189,998954,4820
Jackson,0,3,Missouri,34,24,,,Jackson Missouri,29095,674158,3934
Boone,0,#N/A,Missouri,20,3,,,Boone Missouri,29019,162642,620
Greene,0,#N/A,Missouri,19,2,,2,Greene Missouri,29077,275174,1402
Clay,0,#N/A,Missouri,12,9,,,Clay Missouri,29047,221939,905
St. Charles,0,#N/A,Missouri,11,7,,1,St. Charles Missouri,29183,360485,852
Unassigned,2,#N/A,Missouri,8,4,,,Unassigned Missouri,#N/A,#N/A,#N/A
Cass,0,#N/A,Missouri,6,,,,Cass Missouri,29037,99478,106
Cole,0,#N/A,Missouri,5,,,,Cole Missouri,29051,75990,268
Jefferson,0,#N/A,Missouri,4,4,,,Jefferson Missouri,29099,218733,251
Pulaski,0,#N/A,Missouri,4,3,,,Pulaski Missouri,29169,52274,0
Platte,0,#N/A,Missouri,3,2,,,Platte Missouri,29165,89322,97
Adair,0,#N/A,Missouri,2,1,,,Adair Missouri,29001,25607,93
Perry,0,#N/A,Missouri,2,1,,,Perry Missouri,29157,18971,25
Callaway,0,#N/A,Missouri,2,1,,,Callaway Missouri,29027,44332,37
St. Francois,0,#N/A,Missouri,2,1,,,St. Francois Missouri,29187,65359,133
Lafayette,0,#N/A,Missouri,1,,,,Lafayette Missouri,29107,33381,32
Bates,0,#N/A,Missouri,1,,,,Bates Missouri,29013,17049,60
Moniteau,0,#N/A,Missouri,1,,,,Moniteau Missouri,29135,15607,0
Johnson,0,#N/A,Missouri,1,,,,Johnson Missouri,29101,52595,75
Jasper,0,#N/A,Missouri,1,,,,Jasper Missouri,29097,117404,25
Dunklin,0,#N/A,Missouri,1,,,,Dunklin Missouri,29069,31953,116
Clinton,0,#N/A,Missouri,1,,,,Clinton Missouri,29049,20743,58
Camden,0,#N/A,Missouri,1,,,,Camden Missouri,29029,44002,130
Taney,0,#N/A,Missouri,1,,,,Taney Missouri,29213,51675,157
Scott,0,#N/A,Missouri,1,,,,Scott Missouri,29201,39191,144
Christian,0,#N/A,Missouri,1,1,,,Christian Missouri,29043,77422,0
Henry,0,#N/A,Missouri,1,,,,Henry Missouri,29083,22272,97
Pemiscot,0,#N/A,Missouri,1,1,,,Pemiscot Missouri,29155,18296,167
Randolph,0,#N/A,Missouri,1,1,,,Randolph Missouri,29175,25414,100
Franklin,0,#N/A,Missouri,1,1,,,Franklin Missouri,29071,101492,148
category Nevada,1,#N/A,Nevada,278,15,,,category Nevada Nevada,#N/A,#N/A,#N/A
Clark,0,#N/A,Nevada,212,,,,Clark Nevada,32003,1951269,5467
Washoe,0,#N/A,Nevada,44,,,,Washoe Nevada,32031,421407,1690
Unassigned,2,#N/A,Nevada,15,15,,,Unassigned Nevada,#N/A,#N/A,#N/A
Carson City,0,#N/A,Nevada,2,,,,Carson City Nevada,32510,55274,229
Douglas,0,#N/A,Nevada,2,,,,Douglas Nevada,32005,46997,23
Elko County,0,Elko Nevada,Nevada,2,,,,Elko County Nevada,32007,48818,50
Nye,0,#N/A,Nevada,1,,,,Nye Nevada,32023,43946,25
category Minnesota,1,#N/A,Minnesota,262,27,,,category Minnesota Minnesota,#N/A,#N/A,#N/A
Hennepin,0,#N/A,Minnesota,103,14,,,Hennepin Minnesota,27053,1152425,4668
Ramsey,0,#N/A,Minnesota,26,2,,,Ramsey Minnesota,27123,508640,1907
Dakota,0,#N/A,Minnesota,21,3,,,Dakota Minnesota,27037,398552,259
Olmsted,0,#N/A,Minnesota,18,2,,,Olmsted Minnesota,27109,144248,2120
Washington,0,#N/A,Minnesota,10,,,,Washington Minnesota,27163,238136,183
Carver,0,#N/A,Minnesota,8,,,,Carver Minnesota,27019,91042,109
Martin,0,#N/A,Minnesota,8,,,,Martin Minnesota,27091,20840,57
Anoka,0,#N/A,Minnesota,7,,,,Anoka Minnesota,27003,330844,546
Mower,0,#N/A,Minnesota,6,,,,Mower Minnesota,27099,39163,82
Scott,0,#N/A,Minnesota,5,,,,Scott Minnesota,27139,129928,142
Le Sueur,0,#N/A,Minnesota,5,4,,,Le Sueur Minnesota,27079,27703,15
Steele,0,#N/A,Minnesota,5,,,,Steele Minnesota,27147,36576,43
Blue earth,0,#N/A,Minnesota,5,,,,Blue earth Minnesota,27013,64013,272
Stearns,0,#N/A,Minnesota,5,,,,Stearns Minnesota,27145,150642,571
Nicollet,0,#N/A,Minnesota,3,,,,Nicollet Minnesota,27103,32727,17
Clay,0,#N/A,Minnesota,3,1,,,Clay Minnesota,27027,58999,0
Dodge,0,#N/A,Minnesota,3,1,,,Dodge Minnesota,27039,20087,0
Wright,0,#N/A,Minnesota,3,,,,Wright Minnesota,27171,124700,104
Filmore,0,Fillmore Minnesota,Minnesota,3,,,,Filmore Minnesota,27045,20866,0
Rice,0,#N/A,Minnesota,2,,,,Rice Minnesota,27131,64142,49
Chisago,0,#N/A,Minnesota,2,,,,Chisago Minnesota,27025,53887,61
St. Louis,0,#N/A,Minnesota,2,,,,St. Louis Minnesota,27137,200226,1125
Jackson,0,#N/A,Minnesota,1,,,,Jackson Minnesota,27063,10266,20
Benton,0,#N/A,Minnesota,1,,,,Benton Minnesota,27009,38451,0
Renville,0,#N/A,Minnesota,1,,,,Renville Minnesota,27129,15730,16
Waseca,0,#N/A,Minnesota,1,,,,Waseca Minnesota,27161,19136,35
Cass,0,#N/A,Minnesota,1,,,,Cass Minnesota,27021,28567,0
Wabasha,0,#N/A,Minnesota,1,,,,Wabasha Minnesota,27157,21676,25
Big Stone,0,#N/A,Minnesota,1,,,,Big Stone Minnesota,27011,5269,40
Lac Qui Parle,0,#N/A,Minnesota,1,,,,Lac Qui Parle Minnesota,27073,7259,32
Sherburne,0,#N/A,Minnesota,1,,,,Sherburne Minnesota,27141,88499,54
category Alabama,1,#N/A,Alabama,242,46,,,category Alabama Alabama,#N/A,#N/A,#N/A
Jefferson,0,#N/A,Alabama,91,5,,,Jefferson Alabama,01073,658466,4392
Shelby,0,#N/A,Alabama,27,5,,,Shelby Alabama,01117,195085,349
Lee,0,#N/A,Alabama,26,7,,,Lee Alabama,01081,140247,314
Madison,0,#N/A,Alabama,21,,,,Madison Alabama,01089,334811,1178
Tuscaloosa,0,#N/A,Alabama,10,1,,,Tuscaloosa Alabama,01125,194656,933
Montgomery,0,#N/A,Alabama,9,5,,,Montgomery Alabama,01101,229363,1143
Elmore,0,#N/A,Alabama,8,2,,,Elmore Alabama,01051,79303,138
Mobile,0,#N/A,Alabama,6,4,,,Mobile Alabama,01097,412992,1929
Chambers,0,#N/A,Alabama,5,3,,,Chambers Alabama,01017,34215,115
Walker,0,#N/A,Alabama,5,2,,,Walker Alabama,01127,67023,267
Baldwin,0,#N/A,Alabama,4,1,,,Baldwin Alabama,01003,182265,398
Limestone,0,#N/A,Alabama,4,3,,,Limestone Alabama,01083,82782,102
St. Clair,0,#N/A,Alabama,4,1,,,St. Clair Alabama,01115,83593,40
Lauderdale,0,#N/A,Alabama,3,,,,Lauderdale Alabama,01077,92709,358
Cullman,0,#N/A,Alabama,3,1,,,Cullman Alabama,01043,80406,185
Calhoun,0,#N/A,Alabama,2,,,,Calhoun Alabama,01015,118572,590
Talladega,0,#N/A,Alabama,2,1,,,Talladega Alabama,01121,82291,285
Jackson,0,#N/A,Alabama,2,1,,,Jackson Alabama,01071,53227,170
Tallapoosa,0,#N/A,Alabama,2,1,,,Tallapoosa Alabama,01123,41616,127
Morgan,0,#N/A,Alabama,2,2,,,Morgan Alabama,01103,119490,402
Marion,0,#N/A,Alabama,1,,,,Marion Alabama,01093,30776,120
Franklin,0,#N/A,Alabama,1,,,,Franklin Alabama,01059,31704,125
Houston,0,#N/A,Alabama,1,,,,Houston Alabama,01069,101547,782
Lamar,0,#N/A,Alabama,1,,,,Lamar Alabama,01075,14564,0
Autauga,0,#N/A,Alabama,1,1,,,Autauga Alabama,01001,54571,85
Washington,0,#N/A,Alabama,1,,,,Washington Alabama,01129,17581,25
category Arkansas,1,#N/A,Arkansas,220,24,,2,category Arkansas Arkansas,#N/A,#N/A,#N/A
Pulaski,0,#N/A,Arkansas,64,3,,,Pulaski Arkansas,05119,382748,3071
Cleburne,0,#N/A,Arkansas,34,7,,1,Cleburne Arkansas,05023,25970,25
Jefferson,0,#N/A,Arkansas,21,,,,Jefferson Arkansas,05069,77435,498
Faulkner,0,#N/A,Arkansas,14,4,,,Faulkner Arkansas,05045,113237,172
Unassigned,2,#N/A,Arkansas,12,4,,1,Unassigned Arkansas,#N/A,#N/A,#N/A
Garland,0,#N/A,Arkansas,10,1,,,Garland Arkansas,05051,96024,611
Clark,0,#N/A,Arkansas,6,,,,Clark Arkansas,05019,22995,25
Van Buren,0,#N/A,Arkansas,5,2,,,Van Buren Arkansas,05141,17295,25
Washington,0,#N/A,Arkansas,5,,,,Washington Arkansas,05143,203065,851
Saline,0,#N/A,Arkansas,4,,,,Saline Arkansas,05125,107118,244
Bradley,0,#N/A,Arkansas,4,,,,Bradley Arkansas,05011,11508,35
Craighead,0,#N/A,Arkansas,4,,,,Craighead Arkansas,05031,96443,619
Poinsett,0,#N/A,Arkansas,3,,,,Poinsett Arkansas,05111,24583,0
Independence,0,#N/A,Arkansas,3,,,,Independence Arkansas,05063,36647,199
Grant,0,#N/A,Arkansas,3,,,,Grant Arkansas,05053,17853,0
Cleveland,0,#N/A,Arkansas,3,,,,Cleveland Arkansas,05025,8689,0
Desha,0,#N/A,Arkansas,2,,,,Desha Arkansas,05041,13008,50
Lincoln,0,#N/A,Arkansas,2,,,,Lincoln Arkansas,05079,14134,0
Searcy,0,#N/A,Arkansas,2,,,,Searcy Arkansas,05129,8195,0
Pike,0,#N/A,Arkansas,1,1,,,Pike Arkansas,05109,11291,0
Greene,0,#N/A,Arkansas,1,,,,Greene Arkansas,05055,42090,129
Polk,0,#N/A,Arkansas,1,,,,Polk Arkansas,05113,20662,65
Sevier,0,#N/A,Arkansas,1,,,,Sevier Arkansas,05133,17058,35
Pope,0,#N/A,Arkansas,1,,,,Pope Arkansas,05115,61754,170
Benton,0,#N/A,Arkansas,1,,,,Benton Arkansas,05007,221339,170
Sebastian,0,#N/A,Arkansas,1,,,,Sebastian Arkansas,05131,125744,1050
Columbia,0,#N/A,Arkansas,1,,,,Columbia Arkansas,05027,24552,70
Conway,0,#N/A,Arkansas,1,,,,Conway Arkansas,05029,21273,35
Union,0,#N/A,Arkansas,1,,,,Union Arkansas,05139,41639,166
Woodruff,0,#N/A,Arkansas,1,,,,Woodruff Arkansas,05147,7260,0
Lawrence,0,#N/A,Arkansas,1,,,,Lawrence Arkansas,05075,17415,25
Boone,0,#N/A,Arkansas,1,,,,Boone Arkansas,05009,36903,174
White,0,#N/A,Arkansas,1,,,,White Arkansas,05145,77076,506
Stone,0,#N/A,Arkansas,1,,,,Stone Arkansas,05137,12394,25
Crawford,0,#N/A,Arkansas,1,,,,Crawford Arkansas,05033,61948,103
Cross,0,#N/A,Arkansas,1,1,,,Cross Arkansas,05037,17870,25
Hempstead,0,#N/A,Arkansas,1,1,,,Hempstead Arkansas,05057,22609,79
Crittenden,0,#N/A,Arkansas,1,,,,Crittenden Arkansas,05035,50902,54
category Oregon,1,#N/A,Oregon,210,19,,3,category Oregon Oregon,#N/A,#N/A,#N/A
Washington,0,#N/A,Oregon,76,7,,1,Washington Oregon,41067,529710,869
Marion,0,#N/A,Oregon,32,2,,,Marion Oregon,41047,315335,496
Multnomah,0,#N/A,Oregon,25,4,,1,Multnomah Oregon,41051,735334,1978
Linn,0,#N/A,Oregon,21,1,,,Linn Oregon,41043,116672,98
Clackamas,0,#N/A,Oregon,17,3,,1,Clackamas Oregon,41005,375992,551
Deschutes,0,#N/A,Oregon,10,,,,Deschutes Oregon,41017,157733,308
Yamhill,0,#N/A,Oregon,6,,,,Yamhill Oregon,41071,99193,128
Benton,0,#N/A,Oregon,4,,,,Benton Oregon,41003,85579,164
Lane,0,#N/A,Oregon,4,,,,Lane Oregon,41039,351715,531
Polk,0,#N/A,Oregon,3,,,,Polk Oregon,41053,75403,15
Jackson,0,#N/A,Oregon,3,1,,,Jackson Oregon,41029,203206,545
Umatilla,0,#N/A,Oregon,2,,,,Umatilla Oregon,41059,75889,455
Klamath,0,#N/A,Oregon,1,,,,Klamath Oregon,41035,66380,98
Douglas,0,#N/A,Oregon,1,,,,Douglas Oregon,41019,107667,141
Grant,0,#N/A,Oregon,1,,,,Grant Oregon,41023,7445,25
Union,0,#N/A,Oregon,1,,,,Union Oregon,41061,25748,25
Josephine,0,#N/A,Oregon,1,,,,Josephine Oregon,41033,82713,125
Hood River,0,#N/A,Oregon,1,,,,Hood River Oregon,41027,22346,25
Clatsop,0,#N/A,Oregon,1,1,,,Clatsop Oregon,41007,37039,289
category Kentucky,1,#N/A,Kentucky,163,39,,,category Kentucky Kentucky,#N/A,#N/A,#N/A
Jefferson,0,#N/A,Kentucky,35,2,,,Jefferson Kentucky,21111,741096,4795
Fayette,0,#N/A,Kentucky,28,13,,,Fayette Kentucky,21067,295803,2379
Unassigned,2,#N/A,Kentucky,19,4,,,Unassigned Kentucky,#N/A,#N/A,#N/A
Daviess,0,#N/A,Kentucky,14,3,,,Daviess Kentucky,21059,96656,527
Harrison,0,#N/A,Kentucky,10,2,,,Harrison Kentucky,21097,18846,61
Kenton,0,#N/A,Kentucky,8,3,,,Kenton Kentucky,21117,159720,728
Warren,0,#N/A,Kentucky,5,1,,,Warren Kentucky,21227,113792,733
Pulaski,0,#N/A,Kentucky,3,,,,Pulaski Kentucky,21199,63063,295
Hardin,0,#N/A,Kentucky,2,,,,Hardin Kentucky,21093,105543,465
McCracken,0,#N/A,Kentucky,2,2,,,McCracken Kentucky,21145,65565,708
Clark,0,#N/A,Kentucky,2,,,,Clark Kentucky,21049,35613,54
Anderson,0,#N/A,Kentucky,2,,,,Anderson Kentucky,21005,21421,0
Christian,0,#N/A,Kentucky,2,,,,Christian Kentucky,21047,73955,786
Franklin,0,#N/A,Kentucky,2,,,,Franklin Kentucky,21073,49285,173
Henderson,0,#N/A,Kentucky,2,,,,Henderson Kentucky,21101,46250,192
Breathitt,0,#N/A,Kentucky,2,1,,,Breathitt Kentucky,21025,13878,55
Madison,0,#N/A,Kentucky,2,,,,Madison Kentucky,21151,82916,130
Bourbon,0,#N/A,Kentucky,2,,,,Bourbon Kentucky,21017,19985,58
Muhlenberg,0,#N/A,Kentucky,2,,,,Muhlenberg Kentucky,21177,31499,90
Montgomery,0,#N/A,Kentucky,2,,,,Montgomery Kentucky,21173,26499,42
Martin,0,#N/A,Kentucky,1,,,,Martin Kentucky,21159,12929,0
Lyon,0,#N/A,Kentucky,1,,,,Lyon Kentucky,21143,8314,0
Oldham,0,#N/A,Kentucky,1,,,,Oldham Kentucky,21185,60316,187
Menifee,0,#N/A,Kentucky,1,,,,Menifee Kentucky,21165,6306,0
Nelson,0,#N/A,Kentucky,1,,,,Nelson Kentucky,21179,43437,40
Spencer,0,#N/A,Kentucky,1,,,,Spencer Kentucky,21215,17061,0
Northern Kentucky,2,#N/A,Kentucky,1,,,,Northern Kentucky Kentucky,#N/A,#N/A,#N/A
Calloway,0,#N/A,Kentucky,1,,,,Calloway Kentucky,21035,37191,152
Boone,0,#N/A,Kentucky,1,1,,,Boone Kentucky,21015,118811,201
Campbell,0,#N/A,Kentucky,1,1,,,Campbell Kentucky,21037,90336,284
Laurel,0,#N/A,Kentucky,1,1,,,Laurel Kentucky,21125,58849,150
Logan,0,#N/A,Kentucky,1,1,,,Logan Kentucky,21141,26835,75
Jessamine,0,#N/A,Kentucky,1,,,,Jessamine Kentucky,21113,48586,0
Scott,0,#N/A,Kentucky,1,1,,,Scott Kentucky,21209,47173,75
Simpson,0,#N/A,Kentucky,1,1,,,Simpson Kentucky,21213,17327,25
Webster,0,#N/A,Kentucky,1,1,,,Webster Kentucky,21233,13621,0
Allen,0,#N/A,Kentucky,1,1,,,Allen Kentucky,21003,19956,25
"category Washington, D.C.",1,#N/A,"Washington, D.C.",141,,,,"category Washington, D.C. Washington, D.C.",#N/A,#N/A,#N/A
District of Columbia,0,District of Columbia District of Columbia,"Washington, D.C.",141,,,,"District of Columbia Washington, D.C.",11001,601723,4304
category Iowa,1,#N/A,Iowa,125,20,,1,category Iowa Iowa,#N/A,#N/A,#N/A
Johnson,0,#N/A,Iowa,37,2,,,Johnson Iowa,19103,130882,1383
Polk,0,#N/A,Iowa,15,3,,,Polk Iowa,19153,430640,1725
Dallas,0,#N/A,Iowa,7,1,,,Dallas Iowa,19049,66135,120
Dubuque,0,#N/A,Iowa,7,1,,1,Dubuque Iowa,19061,93653,470
Linn,0,#N/A,Iowa,6,,,,Linn Iowa,19113,211226,1018
Allamakee,0,#N/A,Iowa,6,,,,Allamakee Iowa,19005,14330,25
Muscatine,0,#N/A,Iowa,5,2,,,Muscatine Iowa,19139,42745,48
Washington,0,#N/A,Iowa,4,1,,,Washington Iowa,19183,21704,25
Tama,0,#N/A,Iowa,4,1,,,Tama Iowa,19171,17767,0
Black Hawk,0,#N/A,Iowa,4,1,,,Black Hawk Iowa,19013,131090,459
Harrison,0,#N/A,Iowa,3,,,,Harrison Iowa,19085,14928,25
Unassigned,2,#N/A,Iowa,2,2,,,Unassigned Iowa,#N/A,#N/A,#N/A
Hancock,0,#N/A,Iowa,2,,,,Hancock Iowa,19081,11341,25
Poweshiek,0,#N/A,Iowa,2,1,,,Poweshiek Iowa,19157,18914,49
Cerro Gordo,0,#N/A,Iowa,2,,,,Cerro Gordo Iowa,19033,44151,586
Pottawattamie,0,#N/A,Iowa,2,,,,Pottawattamie Iowa,19155,93158,514
Story,0,#N/A,Iowa,2,1,,,Story Iowa,19169,89542,254
Woodbury,0,#N/A,Iowa,2,,,,Woodbury Iowa,19193,102172,830
Carroll,0,#N/A,Iowa,1,,,,Carroll Iowa,19027,20816,116
Scott,0,#N/A,Iowa,1,,,,Scott Iowa,19163,165224,1193
Winneshiek,0,#N/A,Iowa,1,,,,Winneshiek Iowa,19191,21056,25
Kossuth,0,#N/A,Iowa,1,,,,Kossuth Iowa,19109,15543,25
Sioux,0,#N/A,Iowa,1,,,,Sioux Iowa,19167,33704,96
Adair,0,#N/A,Iowa,1,,,,Adair Iowa,19001,7682,25
Fayette,0,#N/A,Iowa,1,,,,Fayette Iowa,19065,20880,50
Wapello,0,#N/A,Iowa,1,,,,Wapello Iowa,19179,35625,217
Buchanan,0,#N/A,Iowa,1,1,,,Buchanan Iowa,19019,20958,120
Cedar,0,#N/A,Iowa,1,1,,,Cedar Iowa,19031,18499,0
Jasper,0,#N/A,Iowa,1,1,,,Jasper Iowa,19099,36842,68
Warren,0,#N/A,Iowa,1,1,,,Warren Iowa,19181,46225,0
Henry,0,#N/A,Iowa,1,,,,Henry Iowa,19087,20145,152
category Rhode Island,1,#N/A,Rhode Island,124,18,,,category Rhode Island Rhode Island,#N/A,#N/A,#N/A
Providence,0,#N/A,Rhode Island,52,,,,Providence Rhode Island,44007,626667,3272
Bristol,0,#N/A,Rhode Island,24,,,,Bristol Rhode Island,44001,49875,0
Unassigned,2,#N/A,Rhode Island,23,18,,,Unassigned Rhode Island,#N/A,#N/A,#N/A
Newport,0,#N/A,Rhode Island,9,,,,Newport Rhode Island,44005,82888,129
Washington,0,#N/A,Rhode Island,9,,,,Washington Rhode Island,44009,126979,225
Kent,0,#N/A,Rhode Island,7,,,,Kent Rhode Island,44003,166158,359
category Maine,1,#N/A,Maine,118,12,,,category Maine Maine,#N/A,#N/A,#N/A
Cumberland,0,#N/A,Maine,74,8,,,Cumberland Maine,23005,281674,1184
York,0,#N/A,Maine,16,,,,York Maine,23031,197131,245
Oxford,0,#N/A,Maine,6,1,,,Oxford Maine,23017,57833,75
Lincoln,0,#N/A,Maine,5,,,,Lincoln Maine,23015,34457,32
Kennebec,0,#N/A,Maine,5,1,,,Kennebec Maine,23011,122151,425
Penobscot,0,#N/A,Maine,4,1,,,Penobscot Maine,23019,153923,773
Androscoggin,0,#N/A,Maine,3,,,,Androscoggin Maine,23001,107702,483
Sagadahoc,0,#N/A,Maine,3,,,,Sagadahoc Maine,23023,35293,0
Knox,0,#N/A,Maine,1,,,,Knox Maine,23013,39736,109
Waldo,0,#N/A,Maine,1,1,,,Waldo Maine,23027,38786,25
category New Hampshire,1,#N/A,New Hampshire,108,7,,,category New Hampshire New Hampshire,#N/A,#N/A,#N/A
Rockingham,0,#N/A,New Hampshire,42,4,,,Rockingham New Hampshire,33015,295223,606
Grafton,0,#N/A,New Hampshire,21,1,,,Grafton New Hampshire,33009,89118,496
Hillsborough,0,#N/A,New Hampshire,20,1,,,Hillsborough New Hampshire,33011,400721,1144
Carroll,0,#N/A,New Hampshire,7,,,,Carroll New Hampshire,33003,47818,50
Belknap,0,#N/A,New Hampshire,7,,,,Belknap New Hampshire,33001,60088,137
Strafford,0,#N/A,New Hampshire,5,1,,,Strafford New Hampshire,33017,123143,290
Merrimack,0,#N/A,New Hampshire,4,,,,Merrimack New Hampshire,33013,146445,395
Cheshire,0,#N/A,New Hampshire,1,,,,Cheshire New Hampshire,33005,77117,169
Sullivan,0,#N/A,New Hampshire,1,,,,Sullivan New Hampshire,33019,43742,25
category Oklahoma,1,#N/A,Oklahoma,106,25,,1,category Oklahoma Oklahoma,#N/A,#N/A,#N/A
Oklahoma,0,#N/A,Oklahoma,41,12,,,Oklahoma Oklahoma,40109,718633,4624
Cleveland,0,#N/A,Oklahoma,22,6,,1,Cleveland Oklahoma,40027,255755,807
Tulsa,0,#N/A,Oklahoma,12,1,,,Tulsa Oklahoma,40143,603403,3732
Kay,0,#N/A,Oklahoma,5,,,,Kay Oklahoma,40071,46562,193
Canadian,0,#N/A,Oklahoma,4,2,,,Canadian Oklahoma,40017,115541,123
Pawnee,0,#N/A,Oklahoma,4,1,,,Pawnee Oklahoma,40117,16577,14
Payne,0,#N/A,Oklahoma,3,,,,Payne Oklahoma,40119,77350,216
Custer,0,#N/A,Oklahoma,2,1,,,Custer Oklahoma,40039,27469,81
Washington,0,#N/A,Oklahoma,2,,,,Washington Oklahoma,40147,50976,140
Garvin,0,#N/A,Oklahoma,2,,,,Garvin Oklahoma,40049,27576,90
Noble,0,#N/A,Oklahoma,2,1,,,Noble Oklahoma,40103,11561,26
McClain,0,#N/A,Oklahoma,1,,,,McClain Oklahoma,40087,34506,39
Mayes,0,#N/A,Oklahoma,1,1,,,Mayes Oklahoma,40097,41259,52
Jackson,0,#N/A,Oklahoma,1,,,,Jackson Oklahoma,40065,26446,49
Muskogee,0,#N/A,Oklahoma,1,,,,Muskogee Oklahoma,40101,70990,429
Logan,0,#N/A,Oklahoma,1,,,,Logan Oklahoma,40083,41848,25
Pontotoc,0,#N/A,Oklahoma,1,,,,Pontotoc Oklahoma,40123,37492,216
Grady,0,#N/A,Oklahoma,1,,,,Grady Oklahoma,40051,52431,99
category Delaware,1,#N/A,Delaware,104,16,,,category Delaware Delaware,#N/A,#N/A,#N/A
New Castle,0,#N/A,Delaware,71,13,,,New Castle Delaware,10003,538479,2016
Sussex,0,#N/A,Delaware,23,3,,,Sussex Delaware,10005,197145,476
Kent,0,#N/A,Delaware,10,,,,Kent Delaware,10001,162310,288
category Kansas,1,#N/A,Kansas,100,20,,,category Kansas Kansas,#N/A,#N/A,#N/A
Johnson,0,#N/A,Kansas,36,4,,,Johnson Kansas,20091,544179,1563
Wyandotte,0,#N/A,Kansas,22,6,,,Wyandotte Kansas,20209,157505,1196
Leavenworth,0,#N/A,Kansas,7,2,,,Leavenworth Kansas,20103,76227,130
Sedgwick,0,#N/A,Kansas,7,4,,,Sedgwick Kansas,20173,498365,1140
Douglas,0,#N/A,Kansas,6,2,,,Douglas Kansas,20045,110826,152
Butler,0,#N/A,Kansas,3,,,,Butler Kansas,20015,65880,126
Cherokee,0,#N/A,Kansas,2,,,,Cherokee Kansas,20021,21603,54
Lyon,0,#N/A,Kansas,2,,,,Lyon Kansas,20111,33690,59
Linn,0,#N/A,Kansas,2,,,,Linn Kansas,20107,9656,0
Morris,0,#N/A,Kansas,2,,,,Morris Kansas,20127,5923,25
Crawford,0,#N/A,Kansas,2,,,,Crawford Kansas,20037,39134,146
Reno,0,#N/A,Kansas,2,,,,Reno Kansas,20155,64511,223
Mitchell,0,#N/A,Kansas,1,,,,Mitchell Kansas,20123,6373,75
Jackson,0,#N/A,Kansas,1,,,,Jackson Kansas,20085,13462,12
Bourbon,0,#N/A,Kansas,1,,,,Bourbon Kansas,20011,15173,61
Franklin,0,#N/A,Kansas,1,,,,Franklin Kansas,20059,25992,44
Pottawatomie,0,#N/A,Kansas,1,,,,Pottawatomie Kansas,20149,21604,177
Doniphan,0,#N/A,Kansas,1,1,,,Doniphan Kansas,20043,7945,0
Woodson,0,#N/A,Kansas,1,1,,,Woodson Kansas,20207,3309,0
category New Mexico,1,#N/A,New Mexico,100,17,,,category New Mexico New Mexico,#N/A,#N/A,#N/A
Bernalillo,0,#N/A,New Mexico,43,5,,,Bernalillo New Mexico,35001,662564,2020
Santa Fe,0,#N/A,New Mexico,14,2,,,Santa Fe New Mexico,35049,144170,258
Dona Ana,0,Doña Ana New Mexico,New Mexico,13,3,,,Dona Ana New Mexico,35013,209233,603
Sandoval,0,#N/A,New Mexico,7,,,,Sandoval New Mexico,35043,131561,271
San Juan,0,#N/A,New Mexico,7,4,,,San Juan New Mexico,35045,130044,267
Chaves,0,#N/A,New Mexico,4,,,,Chaves New Mexico,35005,65645,229
Taos,0,#N/A,New Mexico,3,,,,Taos New Mexico,35055,32937,29
McKinley,0,#N/A,New Mexico,3,1,,,McKinley New Mexico,35031,71492,228
Socorro,0,#N/A,New Mexico,2,,,,Socorro New Mexico,35053,17866,24
Lea,0,#N/A,New Mexico,1,,,,Lea New Mexico,35025,64727,211
San Miguel,0,#N/A,New Mexico,1,,,,San Miguel New Mexico,35047,29393,175
Cibola,0,#N/A,New Mexico,1,1,,,Cibola New Mexico,35006,27213,50
Curry,0,#N/A,New Mexico,1,1,,,Curry New Mexico,35009,48376,106
category Vermont,1,#N/A,Vermont,95,20,,2,category Vermont Vermont,#N/A,#N/A,#N/A
Chittenden,0,#N/A,Vermont,40,8,,,Chittenden Vermont,50007,156545,562
Windsor,0,#N/A,Vermont,15,3,,,Windsor Vermont,50027,56670,60
Bennington,0,#N/A,Vermont,9,5,,,Bennington Vermont,50003,37125,99
Addison,0,#N/A,Vermont,8,2,,,Addison Vermont,50001,36821,25
Rutland,0,#N/A,Vermont,5,1,,,Rutland Vermont,50021,61642,123
Windham,0,#N/A,Vermont,5,,,,Windham Vermont,50025,44513,229
Washington,0,#N/A,Vermont,3,,,,Washington Vermont,50023,59534,147
Orange,0,#N/A,Vermont,3,,,,Orange Vermont,50017,28936,25
Franklin,0,#N/A,Vermont,2,,,,Franklin Vermont,50011,47746,70
Orleans,0,#N/A,Vermont,2,,,,Orleans Vermont,50019,27231,25
Lamoille,0,#N/A,Vermont,2,1,,,Lamoille Vermont,50015,24475,25
Caledonia,0,#N/A,Vermont,1,,,,Caledonia Vermont,50005,31227,25
Unassigned,2,#N/A,Vermont,0,,,2,Unassigned Vermont,#N/A,#N/A,#N/A
category Hawaii,1,#N/A,Hawaii,90,12,,1,category Hawaii Hawaii,#N/A,#N/A,#N/A
Honolulu,0,#N/A,Hawaii,58,5,,1,Honolulu Hawaii,15003,953207,2219
Unassigned,2,#N/A,Hawaii,20,7,,,Unassigned Hawaii,#N/A,#N/A,#N/A
Maui,0,#N/A,Hawaii,9,,,,Maui Hawaii,15009,154834,258
Hawaii,0,#N/A,Hawaii,2,,,,Hawaii Hawaii,15001,185079,504
Kauai,0,#N/A,Hawaii,1,,,,Kauai Hawaii,15007,67091,144
category Idaho,1,#N/A,Idaho,81,4,,,category Idaho Idaho,#N/A,#N/A,#N/A
Blaine,0,#N/A,Idaho,36,,,,Blaine Idaho,16013,21376,25
Ada,0,#N/A,Idaho,19,,,,Ada Idaho,16001,392365,1354
Kootenai,0,#N/A,Idaho,8,2,,,Kootenai Idaho,16055,138494,396
Canyon,0,#N/A,Idaho,5,,,,Canyon Idaho,16027,188923,302
Madison,0,#N/A,Idaho,2,,,,Madison Idaho,16065,37536,69
Teton,0,#N/A,Idaho,2,,,,Teton Idaho,16081,10170,13
Bingham,0,#N/A,Idaho,2,,,,Bingham Idaho,16011,45607,153
Bannock,0,#N/A,Idaho,2,,,,Bannock Idaho,16005,82839,219
Jefferson,0,#N/A,Idaho,2,2,,,Jefferson Idaho,16051,26140,0
Twin Falls,0,#N/A,Idaho,1,,,,Twin Falls Idaho,16083,77230,253
Valley,0,#N/A,Idaho,1,,,,Valley Idaho,16085,9862,25
Cassia,0,#N/A,Idaho,1,,,,Cassia Idaho,16031,22952,25
category Nebraska,1,#N/A,Nebraska,70,6,,,category Nebraska Nebraska,#N/A,#N/A,#N/A
Douglas,0,#N/A,Nebraska,43,4,,,Douglas Nebraska,31055,517110,3068
Sarpy,0,#N/A,Nebraska,8,,,,Sarpy Nebraska,31153,158840,176
Lincoln,0,#N/A,Nebraska,3,,,,Lincoln Nebraska,31111,36288,116
Washington,0,#N/A,Nebraska,3,1,,,Washington Nebraska,31177,20234,25
Cass,0,#N/A,Nebraska,2,,,,Cass Nebraska,31025,25241,0
Knox,0,#N/A,Nebraska,2,,,,Knox Nebraska,31107,8701,23
Lancaster,0,#N/A,Nebraska,2,,,,Lancaster Nebraska,31109,285407,1354
Buffalo,0,#N/A,Nebraska,2,,,,Buffalo Nebraska,31019,46102,322
Saunders,0,#N/A,Nebraska,1,1,,,Saunders Nebraska,31155,20780,16
Gage,0,#N/A,Nebraska,1,,,,Gage Nebraska,31067,22311,25
Adams,0,#N/A,Nebraska,1,,,,Adams Nebraska,31001,31364,161
Madison,0,#N/A,Nebraska,1,,,,Madison Nebraska,31119,34876,281
Nemaha,0,#N/A,Nebraska,1,,,,Nemaha Nebraska,31127,7248,16
category Montana,1,#N/A,Montana,51,5,,,category Montana Montana,#N/A,#N/A,#N/A
Gallatin,0,#N/A,Montana,19,2,,,Gallatin Montana,30031,89513,90
Yellowstone,0,#N/A,Montana,8,1,,,Yellowstone Montana,30111,147972,630
Missoula,0,#N/A,Montana,6,,,,Missoula Montana,30063,109299,404
Flathead,0,#N/A,Montana,4,,,,Flathead Montana,30029,90928,231
Lewis and Clark,0,#N/A,Montana,3,,,,Lewis and Clark Montana,30049,63395,143
Silver Bow,0,#N/A,Montana,3,1,,,Silver Bow Montana,30093,34200,206
Cascade,0,#N/A,Montana,3,,,,Cascade Montana,30013,81327,436
Madison,0,#N/A,Montana,1,,,,Madison Montana,30057,7691,20
Roosevelt,0,#N/A,Montana,1,,,,Roosevelt Montana,30085,10425,45
Ravalli,0,#N/A,Montana,1,,,,Ravalli Montana,30081,40212,37
Broadwater,0,#N/A,Montana,1,,,,Broadwater Montana,30007,5612,44
Jefferson,0,#N/A,Montana,1,1,,,Jefferson Montana,30043,11406,0
category Diamond Princess,1,#N/A,Diamond Princess,49,,,,category Diamond Princess Diamond Princess,#N/A,#N/A,#N/A
Unassigned,2,#N/A,Diamond Princess,44,,,,Unassigned Diamond Princess,#N/A,#N/A,#N/A
Sonoma,2,#N/A,Diamond Princess,2,,,,Sonoma Diamond Princess,#N/A,#N/A,#N/A
Riverside,2,#N/A,Diamond Princess,2,,,,Riverside Diamond Princess,#N/A,#N/A,#N/A
San Diego,2,#N/A,Diamond Princess,1,,,,San Diego Diamond Princess,#N/A,#N/A,#N/A
category Puerto Rico,1,#N/A,Puerto Rico,39,8,,,category Puerto Rico Puerto Rico,#N/A,#N/A,#N/A
Puerto Rico,2,#N/A,Puerto Rico,39,8,,,Puerto Rico Puerto Rico,#N/A,#N/A,#N/A
category North Dakota,1,#N/A,North Dakota,36,4,,,category North Dakota North Dakota,#N/A,#N/A,#N/A
Burleigh,0,#N/A,North Dakota,18,,,,Burleigh North Dakota,38015,81308,510
Morton,0,#N/A,North Dakota,7,,,,Morton North Dakota,38059,27471,41
Ward,0,#N/A,North Dakota,3,,,,Ward North Dakota,38101,61675,527
Cass,0,#N/A,North Dakota,3,2,,,Cass North Dakota,38017,149778,1262
Pierce,0,#N/A,North Dakota,2,,,,Pierce North Dakota,38069,4357,25
Ramsey,0,#N/A,North Dakota,1,,,,Ramsey North Dakota,38071,11451,25
Dunn,0,#N/A,North Dakota,1,1,,,Dunn North Dakota,38025,3536,0
Walsh,0,#N/A,North Dakota,1,1,,,Walsh North Dakota,38099,11119,28
category Alaska,1,#N/A,Alaska,36,,,,category Alaska Alaska,#N/A,#N/A,#N/A
Anchorage,0,#N/A,Alaska,17,,,,Anchorage Alaska,02020,291826,988
Fairbanks North Star,0,#N/A,Alaska,7,,,,Fairbanks North Star Alaska,02090,97581,217
Ketchikan Gateway,0,#N/A,Alaska,6,,,,Ketchikan Gateway Alaska,02130,13477,54
Matanuska-Susitna Borough,0,Matanuska-Susitna Alaska,Alaska,2,,,,Matanuska-Susitna Borough Alaska,02170,88995,74
Kenai Peninsula,0,3,Alaska,3,,,,Kenai Peninsula Alaska,02122,55400,204
Soldotna,0,3 combined with Kenai Peninsula ,Alaska,1,,,,Soldotna Alaska,#N/A,#N/A,#N/A
Sterling,0,3 combined with Kenai Peninsula ,Alaska,1,,,,Sterling Alaska,#N/A,#N/A,#N/A
Juneau,0,#N/A,Alaska,1,,,,Juneau Alaska,02110,31275,0
category Guam,1,#N/A,Guam,32,3,,,category Guam Guam,#N/A,#N/A,#N/A
Guam,0,#N/A,Guam,32,3,,,Guam Guam,66010,#N/A,158
category Wyoming,1,#N/A,Wyoming,31,3,,,category Wyoming Wyoming,#N/A,#N/A,#N/A
Fremont,0,#N/A,Wyoming,11,1,,,Fremont Wyoming,56013,40123,248
Laramie,0,#N/A,Wyoming,8,1,,,Laramie Wyoming,56021,91738,206
Sheridan,0,#N/A,Wyoming,4,,,,Sheridan Wyoming,56033,29116,88
Teton,0,#N/A,Wyoming,2,,,,Teton Wyoming,56039,21294,48
Natrona,0,#N/A,Wyoming,2,1,,,Natrona Wyoming,56025,75450,377
Carbon,0,#N/A,Wyoming,2,,,,Carbon Wyoming,56007,15885,25
Park,0,#N/A,Wyoming,1,,,,Park Wyoming,56029,28205,50
Campbell,0,#N/A,Wyoming,1,,,,Campbell Wyoming,56005,46133,90
category South Dakota,1,#N/A,South Dakota,30,2,,,category South Dakota South Dakota,#N/A,#N/A,#N/A
Beadle,0,#N/A,South Dakota,13,1,,,Beadle South Dakota,46005,17398,25
Minnehaha,0,#N/A,South Dakota,5,,,,Minnehaha South Dakota,46099,169468,1150
McCook,0,#N/A,South Dakota,2,,,,McCook South Dakota,46087,5618,0
Davison,0,#N/A,South Dakota,2,,,,Davison South Dakota,46035,19504,67
Charles Mix,0,#N/A,South Dakota,1,,,,Charles Mix South Dakota,46023,9129,37
Bon Homme,0,#N/A,South Dakota,1,,,,Bon Homme South Dakota,46009,7070,50
Pennington,0,#N/A,South Dakota,1,,,,Pennington South Dakota,46103,100948,509
Brown,0,#N/A,South Dakota,1,,,,Brown South Dakota,46013,36531,157
Codington,0,#N/A,South Dakota,1,,,,Codington South Dakota,46029,27227,81
Hughes,0,#N/A,South Dakota,1,,,,Hughes South Dakota,46065,17022,50
Lyman,0,#N/A,South Dakota,1,,,,Lyman South Dakota,46085,3755,0
Brookings,0,#N/A,South Dakota,1,1,,,Brookings South Dakota,46011,31965,49
category Grand Princess,1,#N/A,Grand Princess,28,,,,category Grand Princess Grand Princess,#N/A,#N/A,#N/A
Unassigned,2,#N/A,Grand Princess,20,,,,Unassigned Grand Princess,#N/A,#N/A,#N/A
Solano,2,#N/A,Grand Princess,7,,,,Solano Grand Princess,#N/A,#N/A,#N/A
San Diego,2,#N/A,Grand Princess,1,,,,San Diego Grand Princess,#N/A,#N/A,#N/A
Grand Princess,2,#N/A,Grand Princess,0,,,,Grand Princess Grand Princess,#N/A,#N/A,#N/A
category West Virginia,1,#N/A,West Virginia,22,,,,category West Virginia West Virginia,#N/A,#N/A,#N/A
Monongalia,0,#N/A,West Virginia,5,,,,Monongalia West Virginia,54061,96189,940
Kanawha,0,#N/A,West Virginia,4,,,,Kanawha West Virginia,54039,193063,763
Jefferson,0,#N/A,West Virginia,3,,,,Jefferson West Virginia,54037,53498,25
Mercer,0,#N/A,West Virginia,2,,,,Mercer West Virginia,54055,62264,419
Tucker,0,#N/A,West Virginia,2,,,,Tucker West Virginia,54093,7141,0
Marshall,0,#N/A,West Virginia,2,,,,Marshall West Virginia,54051,33107,127
Harrison,0,#N/A,West Virginia,2,,,,Harrison West Virginia,54033,69099,292
Jackson,0,#N/A,West Virginia,1,,,,Jackson West Virginia,54035,29211,46
Putnam,0,#N/A,West Virginia,1,,,,Putnam West Virginia,54079,55486,70
category US Virgin Islands,1,#N/A,US Virgin Islands,17,,,,category US Virgin Islands US Virgin Islands,#N/A,#N/A,#N/A
Unassigned,2,#N/A,US Virgin Islands,17,,,,Unassigned US Virgin Islands,#N/A,#N/A,#N/A
category Wuhan Evacuee,1,#N/A,Wuhan Evacuee,4,,,,category Wuhan Evacuee Wuhan Evacuee,#N/A,#N/A,#N/A
Unassigned,2,#N/A,Wuhan Evacuee,4,,,,Unassigned Wuhan Evacuee,#N/A,#N/A,#N/A